word,n
chainsmokers,281
https,271
t.co,270
rt,145
youtube,55
coldplay,43
amp,36
ft,32
chart,24
huge,24
harmony,23
remix,23
closer,22
video,22
grammys,21
3ivekdtqqu,19
alltimeedm,19
aly_fml,19
fave,19
recognition,19
sk3dknzefh,19
de,18
halsey,16
jingle,15
nowplaying,15
2017,14
mashup,14
paris,14
playlist,14
sing,14
song,14
can’t,13
decker,13
haley,13
haleyydeckerr,13
xmal7fsd4g,13
break,12
enriqueiglesias,12
kerenswan,12
vídeo,12
adele,11
ball,11
beyonce,11
friends,11
lyric,11
night,11
twofriendsmusic,11
bqcbvfpurz,10
ed,10
grammy,10
listen,10
logic,10
music,10
niall,10
playing,10
semi,10
taylor,10
ups,10
added,9
alex,9
dua,9
edm,9
hilfiger,9
jaguarft,9
lipa,9
perform,9
popcrave,9
prank,9
tommy,9
customers,8
dishes,8
kjerry,8
listening,8
nyc,8
performance,8
swift,8
team,8
upcoming,8
watch,8
feat,7
honest,7
horan,7
imthecyrus,7
khalid,7
lineup,7
roses,7
sheeran,7
_gumie,6
account,6
air,6
c6nwjnzitx,6
cover,6
favorite,6
fr,6
idontknownthin,6
j4hnny1,6
kygo,6
lol,6
meghan,6
moschinoken,6
theperfest,6
um,6
10,5
access,5
daya,5
dms,5
ffs,5
gigi,5
inlyfvmzbp,5
jam,5
love,5
mbf,5
mrdaddyissues,5
rare,5
rozes,5
spotify,5
spread,5
trade_dms_larry,5
trainer,5
uma,5
white,5
12,4
74jcmjpgog,4
adicionei,4
album,4
artistas,4
audio,4
bleuvaientine,4
buffalo,4
como,4
del,4
dezemro,4
dia,4
eu,4
fjgtknpq7c,4
guys,4
hans,4
havanamwrcy,4
lana,4
lonelynstan,4
lustforgays,4
michaeelln,4
participará,4
remember,4
restaurants,4
rey,4
talent,4
tcc,4
thechainsmokers,4
wild,4
wings,4
zimmer,4
2,3
añadido,3
billboard,3
boys,3
bragging,3
bts,3
check,3
contém,3
cu6mfwnab2,3
gndfnh9jlh,3
gostei,3
gustado,3
ha,3
hits,3
j.fla,3
joeydg54,3
jsit,3
kesha,3
lista,3
live,3
lyrics,3
macklemore,3
mixers,3
pop,3
ppl,3
pressed,3
reproducción,3
selfie,3
simysemsem,3
soundcloud,3
stop,3
straight,3
una,3
walk,3
wdw,3
y'all,3
の,3
1027kiisfm,2
103.5,2
adult_contemporary,2
alan,2
asf,2
award,2
bio,2
breaking,2
color,2
coming,2
concert,2
damn,2
dance,2
david_corriols,2
demi,2
di,2
è,2
eazy,2
electro,2
en,2
firtsiove,2
fm,2
forgotten,2
gaga,2
galw0nvrsh,2
giving,2
grammy’s,2
hear,2
hollywoodkiios,2
honestly,2
i’m,2
imagine,2
já,2
kbjgokdmyi,2
kim,2
kiss,2
kolby182,2
letperrierest,2
lia,2
liam,2
life,2
lost,2
lovato,2
makes,2
memories,2
mi,2
mutual,2
na,2
news,2
np,2
oalkafcnlf,2
omg,2
os,2
ouvindo,2
phoebe,2
piaciuto,2
play,2
playfm,2
radio,2
recover,2
rnb,2
rnssipybdz,2
rony,2
row,2
ruined,2
ryan,2
set,2
sex,2
shares,2
shit,2
stan,2
staruins,2
swear,2
thes,2
tho,2
time,2
twentyonepilots,2
walker,2
waterbed,2
we’re,2
whydontwebra,2
yoongi,2
という,2
今日,2
063efwuiin,1
0dsrqcne6z,1
0w1yqirczx,1
100,1
1035kissfm,1
11,1
13,1
15,1
19fjaulsj6,1
1mahxc69vn,1
1u9arpe2jh,1
1wkvpnlp9s,1
2016,1
2018,1
"280,000",1
2mil,1
3,1
32,1
3wj2lnnqvz,1
3wjewwyaqq,1
4ivjh7mz76,1
4q5buqf8ud,1
4qzjunaf16,1
4sqkltqgdi,1
5cktt08f7l,1
5h,1
5hypz3vwpw,1
5บาท,1
64vqn1y6fp,1
7,1
71yaop2zgw,1
7piwwnci9h,1
7six5live,1
8243lxqscn,1
84pgue5suy,1
8k2zy9bhq7,1
8zuvj9vrci,1
97rvsh8rza,1
9bwxl5xisl,1
9o0tiekihw,1
9racab56if,1
9t52rej9vc,1
a0bnfworvz,1
a8tcmz1xzw,1
aangysag3c,1
abec4lhv9j,1
abt,1
academy,1
addie,1
af,1
ahead,1
aight,1
alerttune,1
amazes,1
americantop40,1
amf,1
anghami,1
announce,1
answer,1
apb1euaecp,1
aren’t,1
art,1
attzzz9iik,1
audacity,1
avicii,1
awful,1
b95wdkbfmlistenlive,1
ba,1
babes,1
baby,1
bad,1
base,1
bc,1
beatpatrol,1
bestmusiclyric,1
bhbhz4g6wn,1
bieber,1
billboarddance,1
bkaye,1
bllyvw6e4o,1
bn5ewkh7vf,1
body,1
boi,1
bomb,1
bops,1
bradyradio,1
breakdown______,1
bryp10klmr,1
brzmi,1
bs27uhocn1,1
btq5q2j86b,1
busy,1
buys,1
bye,1
bzjh7eoviy,1
c21ekuvvle,1
c4c5rffkmp,1
call,1
called,1
cc,1
ch,1
chains,1
chainsmoke,1
chainsmoker,1
charlie,1
charts,1
cheering,1
choice,1
choreography,1
citizens,1
city,1
cmkcuwfauw,1
coast933,1
coded,1
coincide,1
cold,1
collab,1
commonmixer,1
comparable,1
concer,1
concerts,1
congrats,1
cop,1
counted,1
coverband,1
cqbniqpzba,1
crankdat,1
crime,1
cringiest,1
cuzhsmdzon,1
cvmcan8rar,1
cyalete0pb,1
cyrus,1
d3,1
daily,1
dallas,1
dancenews,1
dancingpmpkn,1
dare,1
dat,1
dc5u2fcjvk,1
debt,1
deezerlatam,1
def,1
deles,1
demilovatogod,1
des,1
die,1
discover,1
dkdjdj,1
dkpobacnhc,1
don’t,1
dont,1
dos,1
dose,1
dubson,1
dumbass,1
dvsbh7fyxc,1
é,1
e42nopxls5,1
eastwood,1
eatsleepedm,1
eayjvzybt5,1
edit,1
edm_project_jp,1
edm_re_jp,1
edms,1
een,1
égérie,1
emily,1
eng,1
enjoyment,1
eq2fy6lrju,1
esperava,1
espumam,1
etldeejphl,1
eua7oyxf0q,1
exit,1
exlobsed34,1
exnvxtizit,1
expectation,1
f2tzebxfeh,1
f5amqmpbgv,1
fads,1
fan,1
fatalnie,1
fav,1
favorita,1
favour,1
favs,1
featuring,1
feel,1
festival,1
fine,1
fires,1
fivefootgaga,1
fix,1
found,1
fqbxo4myna,1
free,1
ft.halsey,1
fuck,1
funds,1
fxmkhhep0y,1
fxpqoako4u,1
g2ugi1qdkp,1
g969uj94gr,1
garrix,1
gbrj1mdhcz,1
getlive,1
getlivemedianetwork,1
gf3tb5hpfb,1
gg8ykc4c0g,1
gig,1
girl,1
gomez,1
greedyfordun,1
guess,1
gustó,1
gyivguzmvs,1
h5gxvehomd,1
há,1
hahaha,1
hahahah,1
han,1
happy,1
hate,1
hbfxqzqv0v,1
hdbaqzbabq,1
he’ll,1
hearsefortwo,1
heart,1
hge248q6ti,1
holo,1
holy,1
hommes,1
hooked,1
hseywu7ybg,1
i4fpv9toae,1
i8wehwyozp,1
ian,1
icon,1
icuvxq9v1f,1
ieaq7jppm8,1
iheartjingleball,1
ik,1
illusion,1
insanepenis,1
inspired,1
interaction,1
intimate,1
iredhnazpf,1
it’s,1
itskahn,1
iustforlove,1
j'ai,1
j6x9ssubld,1
j72imaoosw,1
jakegyllenho,1
jarianactivist,1
jaykode,1
jesus,1
jhyourbae,1
jim,1
jimmybollocks21,1
joker,1
joseph,1
jsem,1
julian,1
julyan,1
junto,1
jus,1
justin,1
jx2eprjduw,1
kahikko,1
kapsphpdvt,1
kbwbhikmro,1
ke,1
kentonsummits,1
khs,1
kids,1
kiisjingleball,1
kingdom,1
kingradionl,1
kingsweetums,1
kkkkkkkkkkkkkkkk,1
klgcnfa56l,1
koncert,1
kqcemg5avc,1
kqye5ukin4,1
krmseokrjin,1
kteří,1
kwhitttt,1
kyozjweipc,1
l0i0095c79,1
lady,1
lamest,1
lany,1
ldbeakwwsn,1
leaked,1
leplay,1
ler,1
leuk,1
link,1
lirous,1
listenlive,1
listens,1
lit,1
literally,1
ljo2ruozwf,1
lmonsterreacts,1
lndi5jvn9y,1
louane,1
lp50ffxmft,1
lt,1
lu4liwzibn,1
luisteren,1
lyricaiart,1
m2rdawvvfx,1
m5udwxmhvd,1
mad,1
major,1
marie,1
mars__in,1
martin,1
mass,1
mcx6d1nil5,1
means,1
meczjbdwj3,1
meltdown,1
meltive,1
menambahkan,1
menos,1
mentioning,1
mf_starboy,1
mgk,1
mhbty,1
midnight,1
mikehefc,1
miley,1
misatou3475,1
mix,1
mj6qezc1x9,1
mmzuhqsk6k,1
mnvunodekg,1
moly,1
mom,1
mømøs,1
moon,1
morto,1
movie,1
mubumjjrcl,1
mudnspl3ck,1
música,1
musicbusiness,1
musicchemicals,1
musiclife,1
musiclover,1
musicnews,1
mybeat,1
mydagk27f4,1
na1zurw8ih,1
nah,1
nás,1
ndgzkbmdad,1
nekfeu,1
nekin9ozaz,1
ni,1
nickdelorenzo2,1
nicole,1
nkmfoisq65,1
nominated,1
nostalgic,1
november,1
nttoviyrp9,1
nueva,1
nxdpysl5ar,1
o5k7m7y2u5,1
o7b8nn2afp,1
obsessed,1
official,1
ohium3ul9u,1
online,1
op,1
ordinal,1
otjcs9yhqb,1
outros,1
outsold,1
ouve,1
ouvir,1
ovnfygoiti,1
pcadwrghva,1
people,1
perfect,1
performing,1
perrieslegend,1
peur,1
phgy2hl72k,1
pic,1
picked,1
pimrruip7z,1
pk1bmzaipn,1
pls,1
poprock,1
por,1
pražský,1
představí,1
press,1
přidal,1
primarily,1
princesse,1
prostřednictvím,1
puth,1
q23iuykwuu,1
qb8tsdpgtc,1
qbts41yoka,1
qms3fabiya,1
qpatcmfdyq,1
quero,1
radiogarach,1
radiomixfm,1
rang,1
real,1
recent,1
recognize,1
recording,1
reddit,1
reproduciendo,1
request,1
rescheduled,1
rhsulrrdcs,1
rights,1
rkbezrxfkc,1
rock,1
rom,1
rorykramer,1
rosyovo,1
rt7kw2nbrb,1
rv3mxm3smg,1
ryanfp_,1
ryanthesummit,1
rychlostí,1
s2wlu7uypk,1
sabthedab69,1
sacred,1
sad,1
sales,1
salty,1
sam,1
san,1
saved,1
savi,1
saya,1
sbktfqvgrs,1
scale,1
se,1
selena,1
setting,1
seventeen,1
seznamu,1
shared,1
shsibhmxac,1
sis,1
sit,1
sjn9klotbs,1
skooo4yd3o,1
sleep,1
slib107jyf,1
smith,1
só,1
sold,1
songs,1
soundtrack,1
st1evtcmgo,1
star,1
stedszblef,1
stick,1
style,1
sword,1
tacky,1
takesessions,1
talk,1
talking,1
talks,1
tattoos,1
teen,1
temple,1
ter,1
text,1
tfgv7mbcqw,1
tftiarvmr1,1
that’s,1
thec,1
therealcharlie,1
they’re,1
threw,1
throws,1
tickets,1
tkrshwozmt,1
tli6r3bza2,1
tmjafcgilv,1
today's,1
tokyo,1
track,1
tribute,1
tritonal,1
turmhng7u3,1
tweet,1
tzxzmj4vlj,1
ua0luwiaw3,1
ubývají,1
uidej6b8la,1
ulhlrvjqvb,1
ulifxg1qrx,1
united,1
února,1
uqk9yllc1e,1
urooipsouj,1
uyxrgxroct,1
v9b2zblnp4,1
vamps,1
vapesmokers,1
vegas,1
velkou,1
venero,1
vi,1
videí,1
videos,1
views,1
vind,1
vl9o04o1oy,1
vlog,1
vmjri0nvh3,1
vohykm85m3,1
vote,1
vou,1
vqtvliajdo,1
vstupenky,1
vzktpzmr6s,1
w5,1
w5uwhlsuzk,1
wait,1
wanna,1
warren,1
water,1
wcw,1
we0xt03rwq,1
weekly,1
weiss,1
wincent,1
winning,1
wlmtlwd66c,1
wnhxaorsaf,1
woeznaoqnk,1
woklk8eyhu,1
woman,1
won,1
write,1
wsugzsozmw,1
ww,1
x9vkofwgjt,1
xfnprnh2hw,1
xt3tulvaks,1
xvwstewg6q,1
xylø,1
y’all,1
yeetztweetz,1
york,1
youredm,1
yqg4zfvk0z,1
yrrccucr0n,1
yy4f6aptwx,1
z28xdiaksc,1
z7lcfamrwd,1
zachsangthebest,1
ziom,1
ziwqxjjcry,1
zoey101fan1997,1
ztoryibz1x,1
zvudugiynw,1
żywo,1
άρεσε,1
βίντεο,1
ένα,1
μου,1
عزفي,1
ل,1
กู,1
방탄소년단,1
お,1
おすすめ,1
オススメ,1
から,1
さん,1
ダンス,1
で,1
と,1
な,1
は,1
フレーズ,1
り,1
人,1
動画,1
好き,1
意味,1
撮,1
自,1
馴染,1
