word,n
rt,272
drake,112
song,85
care,57
time,48
album,43
fear,38
wordonrd,34
dreams,33
helped,33
bad,32
motivated,31
worldmentalhealthday,30
amp,29
bmb3hvkscu,28
furthest,27
disturb,26
club,25
paradise,24
ykj9of5aae,24
zoo757,23
buy,22
money,22
bar,21
30,18
cameras,18
leather,18
tuscan,18
real,17
feel,16
life,16
you’ve,16
verse,15
60uac2vuza,14
calm,14
distractions,14
sense,14
truest,14
wrong,14
closer,13
inspiredby40,13
interlude,13
it’s,13
jungle,13
love,12
álbum,11
clh1vm0sqt,11
completo,11
de,11
el,11
forever,11
gotta,11
gtzkctjtf6,11
kid,11
lol,11
ride,11
shot,11
yacusloprende,11
cudi's,10
fjt9dkdq58,10
fun,10
health,10
idew90ulcl,10
karaoke,10
killed,10
legend,10
mental,10
motion,10
sampha,10
saytruuuth,10
u9yfez7wrt,10
8ygv27jm3s,9
bkwcgw2rzl,9
close,9
dancing,9
diamonds,9
dying,9
family,9
kevcoke6,9
lose,9
marvins,9
masontillidie,9
road,9
shit,9
udqkrfnh6g,9
vtp9ekzfll,9
worldstarvlne,9
eswxsz1nbw,8
flows,8
folakeadeshina,8
freestyle,8
houstatlantavegas,8
i1esdwb1bu,8
kings,8
lord,8
marvin’s,8
melaninshwty,8
resistance,8
tellin,8
2gzkynnd0i,7
6,7
connect,7
fall,7
impossible,7
music,7
successful,7
t3k7uwex3s,7
type,7
xt4lkkg63b,7
_wykie_,6
1,6
4pm,6
arianacarterr,6
body,6
calabasas,6
craigsj,6
days,6
dead,6
east,6
ground,6
h_crossover,6
kli5tijmeo,6
listen,6
lust,6
marvin's,6
natashiasharie,6
nwts,6
omanz2tjxd,6
overwhelmed,6
redemption,6
repeat,6
there’s,6
unforgettable,6
western,6
2,5
280,5
7ddbrslxg8,5
can’t,5
characters,5
dyvw4iu7xl,5
fireworks,5
gonna,5
heard,5
hk46kvbc7b,5
ip3tjoeplq,5
jknjr3jgcl,5
lorddche,5
lustformorelife,5
moment,5
papichels,5
proud,5
therealcmacc,5
u3stxmdws1,5
views,5
worst,5
yeiiowbang,5
1dhqshnjii,4
bgwszodhhk,4
desire,4
fire,4
h0zvveuzyu,4
home,4
kendrick,4
lamar,4
ri6y9tpgas,4
thejaysupreme,4
theme,4
uut5mnkvfr,4
yesluuba,4
_flyoutchase,3
0,3
0vkdirqo5r,3
100,3
5am,3
8kpq2ql49l,3
90ktdsvart,3
birds,3
boyfriend,3
classic,3
fake,3
fever,3
fflat95nya,3
fhydkfjkfj,3
fine,3
hard,3
hate,3
haven’t,3
headlines,3
i’m,3
iv1w4m3tb3,3
jaliahbailey,3
jeezy,3
josh,3
kb7i1gzshs,3
knthqsz91q,3
morton,3
paris,3
realise,3
sacrifices,3
sbkrgn6pc7,3
sleeping,3
smoothest,3
songs,3
stone,3
teenage,3
that’s,3
ton,3
top,3
toronto,3
tough,3
trvnt_,3
we’ll,3
weston,3
what’s,3
y6jesy2cry,3
youngprince_01,3
_whitneyjadee,2
11watson,2
237ucvjpar,2
305,2
52npoefaix,2
6esf9vmp85,2
6ibjekzz30,2
800,2
9am,2
accepts,2
ahqnuu7gna,2
alaska,2
aston,2
banger,2
behavior,2
bit,2
bmb3hvtgok,2
bottom,2
bout,2
bqg7l4im07,2
burn,2
cece's,2
city,2
cold,2
cole,2
conscious,2
cozsqe8qd3,2
cpn8hsujqe,2
cudi,2
dallas,2
dannalysette_,2
djhyykli2o,2
e7hpyjkwcu,2
emotional,2
energy,2
entire,2
fav,2
favorite,2
favs,2
ft,2
glow,2
god,2
grammy,2
hated,2
he’s,2
heat,2
heaven,2
hit,2
hits,2
honestly,2
hzigy8mapq,2
i3aw9f7aw8,2
ich,2
jam,2
jlvrnqyrst,2
jorja’s,2
jsto4qcnlg,2
k4hqijjyba,2
kanye,2
kcjildfeqc,2
khlphaw69f,2
kristopher_tm,2
light,2
list,2
listened,2
literally,2
logic,2
lost,2
lot,2
makes,2
martin,2
matter,2
me69iybsvk,2
meaning,2
melancholyw0lf,2
memorable,2
mind,2
mortal,2
nicht,2
night,2
npa4rjx6wy,2
oyrtw87bmz,2
paper,2
passionfruit,2
people,2
pgatour,2
pinnacles,2
pjg0hh6z1p,2
plan,2
play,2
politics,2
pomv88vxw3,2
practice,2
preach,2
problematictrey,2
pulloutforwhaat,2
qdrcuztyra,2
qmiv0hksmc,2
reach,2
remember,2
remix,2
rgkksmp9ex,2
rql8xfnmxm,2
rxjkfin7ot,2
rzxiwb6ixy,2
scheiß,2
season,2
sezws7y7xs,2
signs,2
sixteen,2
smfh,2
sooner,2
speech,2
star67,2
start,2
started,2
stated,2
stewcoo,2
summer,2
ta8s8dxbdz,2
talked,2
tbb8b4dgyt,2
tbh,2
threw,2
tidpqw7mwi,2
times,2
touehoz7rm,2
trophies,2
und,2
underground,2
underlying,2
uptown,2
vapormag_,2
vnoz4a8b2x,2
von,2
wayyyy,2
west,2
world,2
y8hujxi8ow,2
yaqyspxges,2
zcmxhmyj39,2
__kissthesky,1
_xprincessmel,1
0azvsdgs13,1
0ex8nv2ubs,1
0fk6cxeyq0,1
0homlapilg,1
0j6roo2ooy,1
0kcinwpkfb,1
0mvdjz0ibg,1
0uf96jndqo,1
10,1
11,1
18th,1
19,1
1mpatygh4l,1
1pbje9qlqh,1
1st,1
1wju0j7kao,1
2010,1
2015,1
2017,1
24,1
25gidb6wnk,1
27m86uq6n7,1
29q5vhf5vv,1
2face,1
2g05r6lqqu,1
2k3qe51ckc,1
2o76jjrbqx,1
2p0a7xwhx7,1
2x4zvoj9cq,1
3,1
3a7qih7iuv,1
3jnmzkbvw8,1
3mikzfcvhy,1
3sh6mww4hp,1
3y0vetojcx,1
3ya4mah81n,1
4422,1
4agkv1lg8n,1
4ebd4bpbns,1
4s0ji2ibj8,1
4wg0kvhs6j,1
5,1
556aau822n,1
5c2kzkz76c,1
5irzrp4gil,1
5p4ailrmmx,1
5t7bvax9zp,1
5w4nv0rpvs,1
5xnfk5xdws,1
67,1
6ba3vpymkw,1
6god,1
6pm,1
6xxdcqxdke,1
7,1
7emia33jf8,1
7kxxqnhhfc,1
7l05ztzs5t,1
7mdvyf53au,1
7nffexatpz,1
7pv3izkbld,1
7xhwaxsxj4,1
7zxikkwdyk,1
8,1
8m6ebdlqni,1
8q8cfglik6,1
8qm5m4hluj,1
8xnoe8jofn,1
9,1
9nlnhbnpxm,1
9tpni3pgby,1
à,1
a2umczrbd9,1
a4mdotmvxa,1
a522ozaagg,1
afxuruj48x,1
ain’t,1
ak8jwynyuv,1
alot,1
ambitiousvibes_,1
an8et8r64m,1
anthem,1
aprilxkind,1
artists,1
attempt,1
aye,1
azet1ds0gz,1
b1aogilwvo,1
b56chjgsel,1
b759k0hyup,1
b7ztht7vxi,1
baby,1
baby_arianna,1
badass,1
bands,1
basically,1
beastlycarries,1
behaviour,1
beyonce,1
bhunafvs26,1
binkyluvsdrizzy,1
bitch,1
blazurncoj,1
blem,1
blocked,1
boosted,1
boys,1
bqmytwhjtw,1
brand,1
breeze,1
bria’s,1
bring,1
broke,1
brother,1
bswdtpidxb,1
c4z6q11rgk,1
cake,1
challenging,1
change,1
changed,1
checc,1
chits__,1
choices,1
choose,1
ciz3u15gsm,1
clutchlikeromo,1
constant,1
controlla,1
cplvhdkdzt,1
crazy,1
created,1
credit,1
crew,1
cry,1
cuz,1
cvvi8cz7mx,1
cxjybexgzp,1
cyjshtljlq,1
czhrezoj26,1
d38cxobf79,1
d5octn9zst,1
d6otexfqnl,1
daniels,1
danielskay_,1
dawg,1
dawgggg,1
day,1
dayssss,1
death,1
deeper,1
deiner,1
denton,1
deuces,1
didn’t,1
die,1
diesem,1
diesen,1
disappeared,1
djaaxx,1
djkalid_,1
dmuazyjrcs,1
don’t,1
dont,1
doo,1
dope,1
dorchakl,1
dougiedoee,1
drake's,1
drake’s,1
drakeeatsmyass,1
drakes,1
drdfqfordm,1
drkkob50dw,1
dsnh7rhpwd,1
ear,1
ebhyz13dc8,1
eqzelltjeg,1
era,1
eu2ngavavw,1
euo6zavcnp,1
evelinn_18,1
exists,1
extended,1
eyed,1
eyes,1
f7trxfha18,1
fa4x61ufgq,1
facebook,1
faithful,1
fam,1
fdhsbwtybh,1
feat,1
feelings,1
fh0eructla,1
fhqafcjnb5,1
flow,1
focused,1
freak,1
freakin,1
fresh,1
friend,1
ftaatnkxku,1
fuckin,1
fucking,1
funeral,1
funny,1
fush45cj7r,1
fvterphfsp,1
g0dnqjv2br,1
g2dcpzthba,1
g2vpom9l7w,1
ganes0p5rb,1
garbage,1
gb5caijttv,1
gbuswmcbth,1
gdiq7pxouj,1
gfba50stix,1
ggnmuet02t,1
gib,1
girl,1
girlfriendnotes,1
girls,1
gkh9tvw5ds,1
glwadysbadss,1
gmfcjd9oe2,1
goat,1
goi,1
grandma,1
gsyhtbgtc1,1
gt,1
guarantee,1
guessed,1
guhkalg1ex,1
guy,1
gyal,1
gycpdohfa0,1
h1hxgtejrc,1
half,1
hall,1
hand,1
handle,1
happy,1
hciopj5ae4,1
hcwgoapb3n,1
hear,1
heavy,1
helps,1
herbo,1
heyyyjuice,1
hgomyukuu1,1
hhw22autgl,1
hitter,1
hold,1
hope,1
horns,1
houstatlanavegas,1
hpyyubvl6n,1
hrjsxyh54r,1
hussle,1
hzylxum5bl,1
i0k2j4e1vr,1
i1ks7v1oh5,1
i7g7dokuie,1
iaa6goevag,1
iau8d3imwc,1
idiot,1
idk,1
iedul7tk2q,1
ifyouarereadingthis,1
iget25ng4w,1
ikzbgfx6rb,1
im_tweetinkid,1
immediately,1
incredible,1
ipez098em1,1
island,1
issa,1
issues,1
it8bnn5nci,1
itlmcplr0i,1
itsyourgurl_bo,1
j'aime,1
j90vpn1nqk,1
jack,1
jagwzwesfz,1
jay,1
jay_saidit,1
jcgxatpeor,1
jdog3tx53p,1
jhex3fqymi,1
jhexqtwm4c,1
jkont0honr,1
jnlpuktgcz,1
jodi,1
joey,1
jonnykaleka,1
jowwgabcsv,1
jsie9i1wqy,1
jtnukrcvxp,1
julesovo,1
jumpman,1
jumpy_ac,1
jxpglvffjr,1
k0xvtfeo5b,1
k9f7f0ueun,1
kameron_hay,1
karoke,1
kazj7afexm,1
kidclutch_30,1
kidz,1
killa,1
killaprime,1
kkybh5lhyn,1
kofi_klu,1
kpibnwrdhc,1
kq3dmnhlde,1
kxccr7w86k,1
l_jaeee,1
l'adresse,1
l5eabuuzfu,1
l9puj5txtd,1
l9qpaf9nib,1
ladies,1
law,1
lb40la6r5k,1
lbhi57d0li,1
ldtxfnydbv,1
leggendps,1
letting,1
lh7ptlpcud,1
li,1
lie,1
lil,1
listening,1
lit,1
lj5knklpza,1
lonely,1
loosies,1
lory80e8nb,1
louisde_xiv,1
lpppoqxt7v,1
lsstn2cakd,1
lwfzplyoqy,1
lwkgqvxwnz,1
lykke,1
m2hel6okvc,1
maafaken,1
mariahmiller99,1
mehr,1
meine,1
meshugge,1
mfimexwalh,1
mfro9z6x8f,1
mir,1
missin,1
mistakes,1
mkzedczqki,1
mmfw8wsaiu,1
months,1
mood,1
motherfuckin,1
motivates,1
mrl0bttoun,1
mtlbgphvgg,1
mwmh6vbhql,1
mxrry__,1
n9npznjbk4,1
named,1
narrow,1
nbiqxtpwjs,1
nbsbisfikj,1
ndsbt5jyy3,1
neaonqrjv3,1
nek32bjtmi,1
niggas,1
nipsey,1
nk7kjlbg7e,1
notthe12gaf,1
november,1
nq04sv3dlo,1
nu56d3zprt,1
nvug5pfmnt,1
nycgqjsrlh,1
o9wbswjmtn,1
ocjyyqynfv,1
od52tlhtns,1
ojp5i56ryu,1
onnn,1
oos3hnidso,1
otkfl1ikis,1
otp04ufp64,1
ou5nfyz7lq,1
overrrrrr,1
ovo,1
oyn2zyswpx,1
ozdwscfkyv,1
ozeyvouj0h,1
p35dp7ulmi,1
p4abqo2zl7,1
p6x8pp215k,1
pardise,1
parishbutler,1
pastor,1
pcdoeu5riw,1
pebfdv0il3,1
perfect,1
perspective,1
pessimist,1
pjheovk714,1
pound,1
ppnuv4vn2j,1
project,1
prove,1
pushes,1
pwiwywa61s,1
pz2bkkyknf,1
q0fo85ghtt,1
q2eeohbwkn,1
q9ej5jaibg,1
qepain7vp7,1
qkrxqz8w4q,1
qlyb9qk0fv,1
qmhi5ifazz,1
qmqyiv07zu,1
qn9lqtzxrp,1
qpqj7fkpk2,1
qpw7xa0cny,1
qqndq8lscj,1
qqnwuhnlfr,1
queenslaya1,1
qujk5sydvu,1
quotable,1
quote,1
qx7vraczio,1
r5inbltax4,1
r8vc3bqfaj,1
radicaldouche,1
rayvnse,1
read,1
ready,1
recognize,1
rede,1
reks4wdkvf,1
relatable,1
reply,1
ricky,1
riquetharuler_,1
rjruibrtyh,1
rlwkemuv2y,1
rmr,1
rosnwxl05h,1
roysalazar361,1
rozayyy,1
rq1xlvsk14,1
rqzgmcwmds,1
ru4cczs4mm,1
ruined,1
rvhdbp76ar,1
rxhmqqo8nv,1
s3alhfkidk,1
sa,1
sang,1
scooby,1
simply,1
skip,1
sma0h2rgmc,1
snakes,1
snaps,1
soooooo,1
soundtrack,1
specifically,1
ss61aiacc3,1
star,1
starting,1
station,1
statuses,1
stuff,1
suicide,1
surprisingly,1
swear,1
sweeterman,1
swhcs9n8ea,1
sy1tmcmzeu,1
syqmdn1py6,1
sywgx2npfy,1
taayszn,1
takecare,1
tang,1
task,1
taxlehhiq2,1
tbrmoks07z,1
teethagoddess,1
thankmenow,1
therapeutic,1
tho,1
thug,1
thwobxmkt2,1
till,1
tiub2fenzi,1
tn3u02wzsg,1
tonzdbsqj6,1
tothekidswho,1
track,1
transition,1
trap,1
trapped,1
trust,1
tryna,1
tweeted,1
txufdzc0np,1
txykfdjlc8,1
typical,1
u2ajsnrmdt,1
u5l244ltza,1
u6cwwlmvbl,1
ub3r25xrih,1
ubsdkbagds,1
ufbkzoaqco,1
ugypuftzjy,1
uh,1
uig8kxzdue,1
ujgjip3061,1
umve8q4wpi,1
une,1
uneducated,1
unreleased,1
unxf3iloqf,1
uqqtwk1hmg,1
urph0xjhrh,1
utn8iqpd6k,1
v7ajutnt8m,1
vam5krqmgr,1
versace,1
vh7xvntinf,1
vi4xzjcrzs,1
video,1
vidéo,1
vietnamesejc,1
vkshxdpddn,1
vvxoowny9v,1
w0jy0nsptq,1
w6lkfssx4q,1
w7wiqdh6t7,1
wale,1
wayne,1
wcdpimu4og,1
weird,1
weirdly,1
wgswpp0upt,1
whats,1
whnx1hgvw3,1
wide,1
williamrichjr,1
winner,1
wjixmlhnfo,1
wn5on80i02,1
wngvp60olo,1
wnhdpsbuen,1
wof96wrjl2,1
worldmentalhealthday2017,1
worse,1
wqosqhvskx,1
wquxgv2ssr,1
wu,1
wvdpjqvgnt,1
wwiklilext,1
wx8t9bwuzy,1
xanuiphpsq,1
xfpvm7obdg,1
xg0ftdbk6a,1
xgcsbo8ex4,1
xgxjqnoswr,1
ximtoxqdfd,1
xirc8wpkw7,1
xnrgezfrb4,1
xospc9eapf,1
xu0krm4bwi,1
xxm8or3aaf,1
y_alaadin,1
y8n2ztrvhj,1
ya,1
yadpxulchw,1
yae9iviy95,1
yccqarhgdu,1
ycfexgkhhp,1
ycqzjwzmsi,1
yebbhpdzdp,1
yfsot4xrpc,1
yivg04eeve,1
ykkseq4pjo,1
ymlc56wfuy,1
york,1
youahsuest,1
youtube,1
youve,1
ypu2enpadm,1
yv9jtgrkuu,1
yx5ouocbtl,1
yzy3r1dml4,1
zhhtaqakdv,1
zone,1
zq9jlx7uiq,1
zqiyjdruan,1
zqypgahtto,1
zravhyknkd,1
