word,n
luis,58
fonsi,55
https,44
t.co,44
despacito,37
yankee,27
daddy,25
rt,21
justin,20
bieber,19
de,16
remix,16
amp,13
ft,13
feat,12
youtube,12
a,11
biebersmaniabrs,9
streams,9
1,8
for,7
3,6
32,6
50,6
and,6
best,6
songs,6
spotify,6
top,6
un,6
ww,6
by,5
cabello,5
camila,5
me,5
rico,5
video,5
at,4
el,4
en,4
i,4
lin,4
manuel,4
miranda,4
more,4
puerto,4
ser,4
sing,4
song,4
the,4
vía,4
y,4
1.11,3
1jnficdx8x,3
3cajrldqjj,3
act,3
bilhões,3
canadian,3
com,3
cover,3
diabolico,3
e,3
já,3
jdbvotespree,3
justinbieber,3
keep,3
ksazhyig0c,3
marca,3
mensaje,3
mtv,3
mtvema,3
oculto,3
of,3
parody,3
rmor,3
stars,3
superou,3
to,3
voting,3
with,3
added,2
al,2
alrevezde,2
antes,2
así,2
awards,2
awesome,2
be,2
famoso,2
gt,2
guerra,2
gustado,2
gustó,2
ha,2
heritage,2
hispanic,2
is,2
jennifer,2
jsbijbzkoi,2
juan,2
key,2
llegaste,2
lopez,2
los,2
lucía,2
luisfonsi,2
muñeco,2
my47m2d7io,2
now,2
nowplaying,2
para,2
pbs,2
playlist,2
q,2
qzph4tsguc,2
siempre,2
unplugged,2
ver,2
version,2
vídeo,2
06,1
14,1
1hosknd4ja,1
2009,1
5,1
52,1
700,1
7uw3kraq8s,1
9tuazu6xqe,1
9wrj0ooyae,1
à,1
according,1
accordion,1
admirador,1
ahorasuena,1
aide,1
aire,1
almost,1
alrevez,1
am,1
animal,1
apreciat,1
are,1
audio,1
axel,1
bandura,1
bieber’s,1
biebercharts,1
black,1
chanson,1
charly,1
club,1
costado,1
cuando,1
d0u3pazd4g,1
d9beula7qv,1
dady,1
dandyeyphf,1
deezer,1
descubrir,1
devolverá,1
dj,1
djfreedomlives,1
edz3dj8ikc,1
erymuro,1
favourite,1
fddvcn6rks,1
featuring,1
flow,1
fonsi’s,1
fonsisangelscba,1
forbes,1
frança,1
french,1
ft.daddy,1
giancarlo_vigno,1
gobierno,1
guess,1
h2rwdg5ymq,1
ᴴᴰ,1
he,1
hit,1
hola,1
iba,1
in,1
intro,1
invitaron,1
istarafm,1
jajajajajajaj,1
jc7sj3hpfx,1
jeydee,1
justi,1
lego,1
letras,1
lhdag96ji8,1
like,1
liked,1
listenlive,1
lopz,1
lott,1
lyrics,1
mad,1
manuelle,1
mentions,1
metal,1
mi,1
mil,1
mix,1
mobcgp0zdk,1
musique,1
my,1
ndsrzuvxnx,1
new,1
no,1
nominated,1
np,1
nxdpysl5ar,1
off,1
olvidarme,1
on,1
p4dszr6ktp,1
parts,1
party,1
pasado,1
pe,1
película,1
pero,1
piano,1
pixie,1
playing,1
poder,1
popcrave,1
porto,1
pour,1
praying,1
quedó,1
quisiera,1
qxrpwr80wr,1
record,1
refugiados,1
respira,1
sábado,1
sales,1
sea,1
será,1
shazam,1
snatchradiouk,1
soy,1
stans,1
stay,1
t,1
t2aa1xixtu,1
tgdlbhwvey,1
this,1
those,1
ti,1
tiene,1
too,1
top40,1
tu,1
tú,1
ukrainian,1
una,1
une,1
única,1
uqrqkupqxq,1
usado,1
uwy4wqwqo0,1
venir,1
via,1
victor,1
videoclip,1
vs,1
weeks,1
what,1
why,1
wib,1
will,1
wlcavytq1x,1
would,1
xandramendez,1
xbozv0iqcr,1
xwgptedyci,1
year,1
ygbsljlovb,1
zxfgasqirq,1
シ,1
シート,1
スパ,1
デ,1
フォン,1
ルイス,1
