word,n
dj,125
khaled,121
rt,75
dance,40
3tzkrqxymh,36
drake,36
fusion,36
nav,36
swear,36
tzonick,36
amp,27
ft,18
asahd,11
awards,11
bet,11
hip,11
hop,11
ntt3otoamm,11
rapspotlights,11
justin,10
voice,10
youtube,10
bieber,9
chance,9
rihanna,9
bryson,8
lil,8
quavo,8
rapper,8
wild,8
の,8
tiller,7
video,7
wayne,6
love,5
son,5
boy,4
nikeismylogo23,4
rick,4
ross,4
ショー,4
て,4
で,4
4amj1nflz3,3
added,3
album,3
chozen0ne1,3
de,3
feat,3
hapoi5hofr,3
nowplaying,3
panthers,3
playlist,3
td,3
win,3
ーダーデール,2
"10,000,000",2
11,2
12,2
14,2
ahh,2
ain’t,2
anthony,2
arabic,2
australia,2
basketball,2
bballvines,2
billi's,2
bro,2
crypto,2
dave,2
day,2
ep,2
exchanges,2
features,2
fintech,2
funniest,2
future,2
fvenwgpd28,2
gridcoin,2
head,2
hilarious,2
home,2
hope,2
hourgiassfigure,2
i’m,2
icos,2
inside,2
jay,2
jetski,2
jfl5eskwfs,2
kanye,2
khaled’s,2
korea,2
legitimising,2
life,2
listen,2
live,2
mansion,2
marc,2
mrg9u0oten,2
np,2
omgitsfawzieh,2
playing,2
rickross,2
runtown,2
south,2
speak,2
talks,2
therez,2
track,2
wasn’t,2
watch,2
y’all,2
yay,2
から,2
きた,2
クラブ,2
サウス,2
ジュエリー,2
すぐ,2
てるよ,2
と,2
トロ,2
に,2
は,2
ビーチ,2
フォー,2
フロリダ,2
マイアミ,2
を,2
久しぶり,2
今日,2
最高,2
昨日,2
来,2
着い,2
観,2
買付け,2
1xw5mnt28l,1
2,1
40,1
4mc0f91cvj,1
6fxggshykg,1
6swgrpvgzb,1
7apzbymjrb,1
8n6uuugrmk,1
9,1
9datbtw16l,1
abdallah_tpain,1
acaba,1
acuática,1
afro,1
alphabet,1
american,1
appears,1
arlindo,1
ashad,1
aude,1
ayk4lbntow,1
b.o.b,1
baby,1
bag,1
beg,1
bein,1
benefit,1
beyonce,1
bien,1
booger,1
braille,1
breakin,1
brown,1
bruno,1
budden,1
calvin,1
cardi,1
choreography,1
chris,1
clbefjbqze,1
clean,1
collaborated,1
como,1
con,1
concert,1
congrats,1
cracking,1
cruz,1
cryptocurrency,1
cyph,1
dallascowboys,1
descubierto,1
desde,1
dezbryant,1
diarrhea,1
didn’t,1
din,1
diría,1
djkhaled,1
dont,1
dpcrbtnrlm,1
drama,1
drop,1
eapvfeeopf,1
el,1
ele,1
emmylou666,1
és,1
escuchar,1
estás,1
f42uirmtxo,1
fã,1
famoso,1
feet,1
fff7vacp7n,1
fg5eef9cqr,1
finally,1
fintech_innov,1
flung,1
fucker,1
g4a768fauz,1
golf,1
gomez,1
govlg8pxaz,1
gran,1
grind,1
ha,1
hace,1
hands,1
harris,1
headlining,1
hell,1
hiphop,1
hit,1
hitz,1
hotstreetzradio,1
hoy,1
http,1
hurricane,1
im,1
inspires,1
j.cole,1
jadakiss,1
jattradio,1
jchameleone,1
jea3_,1
jemtwsnxf9,1
jeremih,1
jerry,1
jet,1
jimecst,1
joe,1
justinbieber,1
k111j3fd67,1
kanye_bars,1
kayzabro_ds455,1
kenspellman,1
keys,1
khaled's,1
khalid,1
kid,1
kill,1
krdances,1
lecor,1
lined,1
lmao,1
lonmega,1
lorenrz_,1
ltszp4b8n1,1
marlins,1
mars,1
matter,1
megafav,1
mentor,1
mi,1
michelle,1
minaj,1
minutos,1
miss_tashaban,1
mj,1
mom,1
money,1
mood,1
morris,1
moto,1
moves,1
movgdcysmo,1
mqbpwcn1vb,1
nanggaya,1
nba_mixes,1
nicki,1
night,1
nippy,1
nnvh5iyor9,1
outplay,1
park,1
pasar,1
paying,1
pensador,1
pew,1
poeta,1
posts,1
power1051,1
qoydmc0x0v,1
quando,1
quit,1
radio,1
rap,1
rapp,1
reality_aqua,1
record,1
reealllyy,1
relief,1
remix,1
revolution,1
rgn0gpaxia,1
sazgxccafg,1
scott,1
screenshot,1
selena,1
sempre,1
shining,1
shortbutfunky82,1
shout,1
siento,1
signing,1
sing,1
sino,1
ski,1
skinny,1
smashing,1
snap,1
snip,1
somos,1
sou,1
specific,1
st,1
start,1
startup,1
steph,1
stow,1
su,1
sunsentinel,1
sytaylor,1
tan,1
tas,1
te,1
tf,1
time,1
tipo,1
titl,1
tqlzzqw1hb,1
travis,1
tune,1
turd,1
unfollow,1
uxcumpw1nt,1
uyarc3ohzu,1
vejo,1
virou,1
w2tymqlqrc,1
wanna,1
watching,1
webleedafrobeat,1
week,1
welcometomylife,1
westcoast,1
wife,1
wz47dfmm5k,1
xgoqocirz0,1
y'all,1
y5w0ap40ay,1
yd7gmzaehj,1
ye's,1
z__aac_128k,1
видео,1
мне,1
на,1
понравилось,1
أضفت,1
إلى,1
تشغيل,1
على,1
فيديو,1
قائمة,1
