sheeran.id,sheeran.created_at,sheeran.source,sheeran.favorited,sheeran.retweet_count,sheeran.retweeted_status,sheeran.entities,sheeran.text,sheeran.user,sheeran.in_reply_to_screen_name,sheeran.place
917839481818017793,Tue Oct 10 19:49:19 +0000 2017,"<a href=""http://twitter.com/download/iphone"" rel=""nofollow"">Twitter for iPhone</a>",False,0,NULL,"{""urls"":[],""user_mentions"":[],""hashtags"":[]}",Photograph will forever be my favourite Ed Sheeran song ❤️❤️,"{""screen_name"":""AngelikaZmuda"",""name"":""👑Angelika👑"",""description"":""my mama dont like u and she likes everyone xxx @lucybrydon_x ❤️"",""friends_count"":1140,""followers_count"":1000,""statuses_count"":13149,""verified"":false,""utc_offset"":null,""time_zone"":null}",NULL,NULL
917839508791537664,Tue Oct 10 19:49:26 +0000 2017,"<a href=""http://twitter.com/download/android"" rel=""nofollow"">Twitter for Android</a>",False,0,"{""text"":""Ed Sheeran has been awarded with ‘Song Of The Year’ at the BMI London Awards for writing Justin Bieber’s “Love Yourself”!"",""user"":{""screen_name"":""TheJBCrewdotcom"",""name"":""Justin Bieber Crew""}}","{""urls"":[],""user_mentions"":[{""screen_name"":""TheJBCrewdotcom"",""name"":""Justin Bieber Crew""}],""hashtags"":[]}",RT @TheJBCrewdotcom: Ed Sheeran has been awarded with ‘Song Of The Year’ at the BMI London Awards for writing Justin Bieber’s “Love Yoursel…,"{""screen_name"":""rosesheslwt"",""name"":""ile -225"",""description"":""[L]GBT+"",""friends_count"":8775,""followers_count"":18508,""statuses_count"":404805,""verified"":false,""utc_offset"":-10800,""time_zone"":""Buenos Aires""}",NULL,NULL
917839594305056768,Tue Oct 10 19:49:46 +0000 2017,"<a href=""http://twitter.com/download/android"" rel=""nofollow"">Twitter for Android</a>",False,0,"{""text"":""Ed Sheeran has been awarded with ‘Song Of The Year’ at the BMI London Awards for writing Justin Bieber’s “Love Yourself”!"",""user"":{""screen_name"":""TheJBCrewdotcom"",""name"":""Justin Bieber Crew""}}","{""urls"":[],""user_mentions"":[{""screen_name"":""TheJBCrewdotcom"",""name"":""Justin Bieber Crew""}],""hashtags"":[]}",RT @TheJBCrewdotcom: Ed Sheeran has been awarded with ‘Song Of The Year’ at the BMI London Awards for writing Justin Bieber’s “Love Yoursel…,"{""screen_name"":""MonikaBieber136"",""name"":""Monito B."",""description"":""Justin: I'm Fan on My Beliebers.\nMe: Don't Touch Me.  I'm Famouse.  Justin Is My Fan. 😊😊❤❤❤❤😙😙\nI'm the bigest Belieber. @justinbieber"",""friends_count"":1729,""followers_count"":1025,""statuses_count"":6689,""verified"":false,""utc_offset"":null,""time_zone"":null}",NULL,NULL
917839912916963329,Tue Oct 10 19:51:02 +0000 2017,"<a href=""http://twitter.com/download/iphone"" rel=""nofollow"">Twitter for iPhone</a>",False,0,"{""text"":""Ed Sheeran foi premiado na categoria Song Of The Year (Música do ano) no BMI London Awards por escrever \""Love Yours… https://t.co/GxMld8d5Xk"",""user"":{""screen_name"":""EdSheeranBrCom"",""name"":""Ed Sheeran Brasil""}}","{""urls"":[],""user_mentions"":[{""screen_name"":""EdSheeranBrCom"",""name"":""Ed Sheeran Brasil""}],""hashtags"":[]}","RT @EdSheeranBrCom: Ed Sheeran foi premiado na categoria Song Of The Year (Música do ano) no BMI London Awards por escrever ""Love Yours… ","{""screen_name"":""akarolynne1"",""name"":""Anna"",""description"":""Whispering everything that happens is from now."",""friends_count"":295,""followers_count"":572,""statuses_count"":52688,""verified"":false,""utc_offset"":-10800,""time_zone"":""Brasilia""}",NULL,NULL
917840554981019648,Tue Oct 10 19:53:35 +0000 2017,"<a href=""http://twitter.com/download/iphone"" rel=""nofollow"">Twitter for iPhone</a>",False,0,NULL,"{""urls"":[],""user_mentions"":[],""hashtags"":[]}",Perfect by Ed Sheeran is such a cute song.,"{""screen_name"":""sampetric1"",""name"":""Sam"",""description"":null,""friends_count"":348,""followers_count"":344,""statuses_count"":9367,""verified"":false,""utc_offset"":null,""time_zone"":null}",NULL,NULL
917840618839314432,Tue Oct 10 19:53:50 +0000 2017,"<a href=""http://twitter.com/download/iphone"" rel=""nofollow"">Twitter for iPhone</a>",False,0,NULL,"{""urls"":[],""user_mentions"":[],""hashtags"":[]}",supermarket flowers by ed sheeran makes me so sad what a beautiful song oh my god,"{""screen_name"":""wdweesha"",""name"":""eesha"",""description"":""baby, it's a vibe"",""friends_count"":1008,""followers_count"":2016,""statuses_count"":10770,""verified"":false,""utc_offset"":null,""time_zone"":null}",NULL,"{""country"":""United Kingdom""}"
917840749231837186,Tue Oct 10 19:54:21 +0000 2017,"<a href=""http://twitter.com/download/iphone"" rel=""nofollow"">Twitter for iPhone</a>",False,0,NULL,"{""urls"":[],""user_mentions"":[],""hashtags"":[]}",perfect by ed sheeran is probably the cutest song ever 😭❤️,"{""screen_name"":""lmfaokass"",""name"":""kass."",""description"":""whs '19"",""friends_count"":120,""followers_count"":128,""statuses_count"":1326,""verified"":false,""utc_offset"":-25200,""time_zone"":""Pacific Time (US & Canada)""}",NULL,NULL
917840941846810625,Tue Oct 10 19:55:07 +0000 2017,"<a href=""http://www.socialflow.com"" rel=""nofollow"">SocialFlow</a>",False,0,NULL,"{""urls"":[{""expanded_url"":""https://trib.al/nW99xIq""}],""user_mentions"":[],""hashtags"":[]}",Ed Sheeran wins Song Of The Year at the BMI London Awards for Justin Bieber hit Love Yourself https://t.co/C0y5oPASJR,"{""screen_name"":""MetroUK"",""name"":""Metro"",""description"":""All the latest news from http://Metro.co.uk. Follow us on Instagram: https://www.instagram.com/metro.co.uk/"",""friends_count"":2695,""followers_count"":275036,""statuses_count"":186360,""verified"":true,""utc_offset"":3600,""time_zone"":""London""}",NULL,NULL
917841021303738369,Tue Oct 10 19:55:26 +0000 2017,"<a href=""http://twitter.com/download/android"" rel=""nofollow"">Twitter for Android</a>",False,0,"{""text"":""Ed Sheeran has been awarded with ‘Song Of The Year’ at the BMI London Awards for writing Justin Bieber’s “Love Yourself”!"",""user"":{""screen_name"":""TheJBCrewdotcom"",""name"":""Justin Bieber Crew""}}","{""urls"":[],""user_mentions"":[{""screen_name"":""TheJBCrewdotcom"",""name"":""Justin Bieber Crew""}],""hashtags"":[]}",RT @TheJBCrewdotcom: Ed Sheeran has been awarded with ‘Song Of The Year’ at the BMI London Awards for writing Justin Bieber’s “Love Yoursel…,"{""screen_name"":""larihuesito"",""name"":""lari"",""description"":""♡Hoping For Better Days♡\n\n◇DWT 13/07/17 CDMX◇\n◇PT 18/02/17 CDMX◇\nSAW MY IDOLS LIVE, BEST NIGHTS OF MY FUCKING LIFE, FOREVER GRATEFUL WITH BOTH OF THEM"",""friends_count"":3745,""followers_count"":3525,""statuses_count"":143641,""verified"":false,""utc_offset"":-25200,""time_zone"":""Pacific Time (US & Canada)""}",NULL,NULL
917841049241784320,Tue Oct 10 19:55:33 +0000 2017,"<a href=""http://twitter.com/download/android"" rel=""nofollow"">Twitter for Android</a>",False,0,"{""text"":""BELIEBERS HEMOS GANADO CANCIÓN DEL AÑO Y MEJOR CANCIÓN DANCE!\n@justinbieber Sencillo del año #LatinAMAs https://t.co/M89BEi6XTk"",""user"":{""screen_name"":""JB_BelieberBoy_"",""name"":""BelieberBoy""}}","{""urls"":[],""user_mentions"":[{""screen_name"":""JB_BelieberBoy_"",""name"":""BelieberBoy""},{""screen_name"":""justinbieber"",""name"":""Justin Bieber""}],""hashtags"":[{""text"":""LatinAMAs""}]}","RT @JB_BelieberBoy_: BELIEBERS HEMOS GANADO CANCIÓN DEL AÑO Y MEJOR CANCIÓN DANCE!
@justinbieber Sencillo del año #LatinAMAs https://t.co/M…","{""screen_name"":""erna_jd"",""name"":""VOTE BIEBER"",""description"":""الله\nمحمد\n\n\n B.E.L.I.E.B.E.R 💞\n\n👊Believe👊\nPray🙏\nNever say Never💪"",""friends_count"":23,""followers_count"":82,""statuses_count"":11866,""verified"":false,""utc_offset"":null,""time_zone"":null}",NULL,NULL
917841087120605184,Tue Oct 10 19:55:42 +0000 2017,"<a href=""http://twitter.com/download/iphone"" rel=""nofollow"">Twitter for iPhone</a>",False,0,"{""text"":""Ed Sheeran wins Song Of The Year at the BMI London Awards for Justin Bieber hit Love Yourself https://t.co/C0y5oPASJR"",""user"":{""screen_name"":""MetroUK"",""name"":""Metro""}}","{""urls"":[{""expanded_url"":""https://trib.al/nW99xIq""}],""user_mentions"":[{""screen_name"":""MetroUK"",""name"":""Metro""}],""hashtags"":[]}",RT @MetroUK: Ed Sheeran wins Song Of The Year at the BMI London Awards for Justin Bieber hit Love Yourself https://t.co/C0y5oPASJR,"{""screen_name"":""CHROME_CANNON"",""name"":""hypocratic oaf"",""description"":""Black Lives Matter. Healthcare Matters. Women Matter. Journalists Matter. Resist. Impeach."",""friends_count"":4994,""followers_count"":830,""statuses_count"":9655,""verified"":false,""utc_offset"":-25200,""time_zone"":""Pacific Time (US & Canada)""}",NULL,NULL
917841305945956352,Tue Oct 10 19:56:34 +0000 2017,"<a href=""http://twitter.com"" rel=""nofollow"">Twitter Web Client</a>",False,0,"{""text"":""Ed Sheeran foi premiado na categoria Song Of The Year (Música do ano) no BMI London Awards por escrever \""Love Yours… https://t.co/GxMld8d5Xk"",""user"":{""screen_name"":""EdSheeranBrCom"",""name"":""Ed Sheeran Brasil""}}","{""urls"":[],""user_mentions"":[{""screen_name"":""EdSheeranBrCom"",""name"":""Ed Sheeran Brasil""}],""hashtags"":[]}","RT @EdSheeranBrCom: Ed Sheeran foi premiado na categoria Song Of The Year (Música do ano) no BMI London Awards por escrever ""Love Yours… ","{""screen_name"":""rafasouzatt"",""name"":""Rafaela Souza"",""description"":""- Araraquara - Sp\n- 22 anos -"",""friends_count"":783,""followers_count"":251,""statuses_count"":3581,""verified"":false,""utc_offset"":-25200,""time_zone"":""Pacific Time (US & Canada)""}",NULL,NULL
917841734146711553,Tue Oct 10 19:58:16 +0000 2017,"<a href=""http://twitter.com/download/android"" rel=""nofollow"">Twitter for Android</a>",False,0,"{""text"":""Ed Sheeran has been awarded with ‘Song Of The Year’ at the BMI London Awards for writing Justin Bieber’s “Love Yourself”!"",""user"":{""screen_name"":""TheJBCrewdotcom"",""name"":""Justin Bieber Crew""}}","{""urls"":[],""user_mentions"":[{""screen_name"":""TheJBCrewdotcom"",""name"":""Justin Bieber Crew""}],""hashtags"":[]}",RT @TheJBCrewdotcom: Ed Sheeran has been awarded with ‘Song Of The Year’ at the BMI London Awards for writing Justin Bieber’s “Love Yoursel…,"{""screen_name"":""stayinBieberAir"",""name"":""."",""description"":""Believe Tour 19.03.13 ♛ Purpose Tour 21.09.16 & 24.06.17 ♛ Illuminate World Tour 24.05.17 & 16.08.17 ♛ Acoustic Sessions Tour 08.07.14"",""friends_count"":1279,""followers_count"":1230,""statuses_count"":39851,""verified"":false,""utc_offset"":7200,""time_zone"":""Paris""}",NULL,NULL
917841948433633281,Tue Oct 10 19:59:07 +0000 2017,"<a href=""http://twitter.com/download/iphone"" rel=""nofollow"">Twitter for iPhone</a>",False,0,NULL,"{""urls"":[],""user_mentions"":[],""hashtags"":[]}","omg shawn mendes and ed sheeran should make a song about a woman with an acoustic guitar, they’re so diverse and never do that","{""screen_name"":""posenormani"",""name"":""owen"",""description"":""#BLACKLIVESMATTER"",""friends_count"":139,""followers_count"":426,""statuses_count"":8895,""verified"":false,""utc_offset"":-25200,""time_zone"":""Pacific Time (US & Canada)""}",NULL,NULL
917842009645346821,Tue Oct 10 19:59:22 +0000 2017,"<a href=""http://twitter.com/download/iphone"" rel=""nofollow"">Twitter for iPhone</a>",False,0,NULL,"{""urls"":[{""expanded_url"":""https://twitter.com/sincerediy/status/917424144496521226""}],""user_mentions"":[],""hashtags"":[]}",Anything Ed Sheeran. https://t.co/w5EulmGyyE,"{""screen_name"":""MiIaMKvnis"",""name"":""Amell."",""description"":""Keep your friends close and your enemies fat."",""friends_count"":978,""followers_count"":2073,""statuses_count"":49593,""verified"":false,""utc_offset"":-25200,""time_zone"":""Pacific Time (US & Canada)""}",NULL,NULL
917842025504010240,Tue Oct 10 19:59:26 +0000 2017,"<a href=""http://twitter.com"" rel=""nofollow"">Twitter Web Client</a>",False,0,"{""text"":""Ed Sheeran foi premiado na categoria Song Of The Year (Música do ano) no BMI London Awards por escrever \""Love Yours… https://t.co/GxMld8d5Xk"",""user"":{""screen_name"":""EdSheeranBrCom"",""name"":""Ed Sheeran Brasil""}}","{""urls"":[],""user_mentions"":[{""screen_name"":""EdSheeranBrCom"",""name"":""Ed Sheeran Brasil""}],""hashtags"":[]}","RT @EdSheeranBrCom: Ed Sheeran foi premiado na categoria Song Of The Year (Música do ano) no BMI London Awards por escrever ""Love Yours… ","{""screen_name"":""Matos_J0yc3"",""name"":""Dióy⚡"",""description"":""São dois espelhos quebrados.\nDois vezes sete de má sorte.\nJá vivi quatorze anos.\nQuanto resta para a morte?"",""friends_count"":1070,""followers_count"":435,""statuses_count"":13221,""verified"":false,""utc_offset"":-25200,""time_zone"":""Pacific Time (US & Canada)""}",NULL,NULL
917842265237868546,Tue Oct 10 20:00:23 +0000 2017,"<a href=""http://twitter.com/download/iphone"" rel=""nofollow"">Twitter for iPhone</a>",False,0,"{""text"":""Ed Sheeran foi premiado na categoria Song Of The Year (Música do ano) no BMI London Awards por escrever \""Love Yours… https://t.co/GxMld8d5Xk"",""user"":{""screen_name"":""EdSheeranBrCom"",""name"":""Ed Sheeran Brasil""}}","{""urls"":[],""user_mentions"":[{""screen_name"":""EdSheeranBrCom"",""name"":""Ed Sheeran Brasil""}],""hashtags"":[]}","RT @EdSheeranBrCom: Ed Sheeran foi premiado na categoria Song Of The Year (Música do ano) no BMI London Awards por escrever ""Love Yours… ","{""screen_name"":""thaagila"",""name"":""thagila ama ed d+"",""description"":""So I'll sing Hallelujah You were an angel in the shape of my mum 🎶"",""friends_count"":215,""followers_count"":121,""statuses_count"":528,""verified"":false,""utc_offset"":null,""time_zone"":null}",NULL,NULL
917842305377357824,Tue Oct 10 20:00:32 +0000 2017,"<a href=""https://about.twitter.com/products/tweetdeck"" rel=""nofollow"">TweetDeck</a>",False,0,NULL,"{""urls"":[{""expanded_url"":""https://twitter.com/MetroUK/status/917840941846810625""}],""user_mentions"":[],""hashtags"":[]}",Bieber Love yourself as you do everyday of your showbiz life https://t.co/v77aNbSkaM,"{""screen_name"":""fleming77"",""name"":""Jane Fleming"",""description"":""fingers and vision not the best but still academic but out of work, particular interest adaptive tech, Isle of Ely Fenvision, Chicago, maps"",""friends_count"":2902,""followers_count"":3583,""statuses_count"":463369,""verified"":false,""utc_offset"":3600,""time_zone"":""London""}",NULL,NULL
917842326373969927,Tue Oct 10 20:00:37 +0000 2017,"<a href=""http://twitter.com/download/android"" rel=""nofollow"">Twitter for Android</a>",False,0,"{""text"":""Ed Sheeran wins Song Of The Year at the BMI London Awards for Justin Bieber hit Love Yourself\nhttps://t.co/0vDGmuGBGe"",""user"":{""screen_name"":""Metro_Ents"",""name"":""Metro Entertainment""}}","{""urls"":[{""expanded_url"":""https://trib.al/FuDYOEx""}],""user_mentions"":[{""screen_name"":""Metro_Ents"",""name"":""Metro Entertainment""}],""hashtags"":[]}","RT @Metro_Ents: Ed Sheeran wins Song Of The Year at the BMI London Awards for Justin Bieber hit Love Yourself
https://t.co/0vDGmuGBGe","{""screen_name"":""justinfeelingsx"",""name"":""VI A JUSTIN/ LOS VI!"",""description"":""I don't know describe my love for @justinbieber, just feel.\nbelieve tour ➡ purpose tour.\nestuve ahí👆🇨🇱\n\nEreny💫"",""friends_count"":926,""followers_count"":4212,""statuses_count"":254824,""verified"":false,""utc_offset"":-10800,""time_zone"":""Brasilia""}",NULL,NULL
917842671619792896,Tue Oct 10 20:02:00 +0000 2017,"<a href=""http://twitter.com/download/android"" rel=""nofollow"">Twitter for Android</a>",False,0,NULL,"{""urls"":[{""expanded_url"":""https://twitter.com/TheJBCrewdotcom/status/917756827898654721""}],""user_mentions"":[],""hashtags"":[]}",Ed deserves it👌🏽 love yourself made history https://t.co/7Ghys3hdVN,"{""screen_name"":""1Kidrauhl_Biebz"",""name"":""َ"",""description"":""•JOURNALS IS A MASTERPIECE• Biebo follows• FIND YOUR PURPOSE• Been here through his hard times & never left•"",""friends_count"":18943,""followers_count"":61806,""statuses_count"":89172,""verified"":false,""utc_offset"":null,""time_zone"":null}",NULL,NULL
917842683078627329,Tue Oct 10 20:02:02 +0000 2017,"<a href=""http://twitter.com/download/iphone"" rel=""nofollow"">Twitter for iPhone</a>",False,0,NULL,"{""urls"":[{""expanded_url"":""https://twitter.com/metrouk/status/917840941846810625""}],""user_mentions"":[],""hashtags"":[]}",These awards are mental. Foals won one for a single they released TWO fucking years ago. https://t.co/DExrL6p8gH,"{""screen_name"":""nalaknip"",""name"":""Mick Convey"",""description"":""Mountain Biking. Iceland. Music, especially @ChemBros. A 'bitter old bastard' & 'an incredible tool'. I've never ever smiled. Don't mind Spurs."",""friends_count"":1967,""followers_count"":1823,""statuses_count"":89509,""verified"":false,""utc_offset"":3600,""time_zone"":""London""}",NULL,NULL
917842808358125568,Tue Oct 10 20:02:32 +0000 2017,"<a href=""http://twitter.com/download/android"" rel=""nofollow"">Twitter for Android</a>",False,0,NULL,"{""urls"":[],""user_mentions"":[],""hashtags"":[]}",Ed sheeran's perfect reminds me a lot of her would be perfect wedding song.,"{""screen_name"":""rezasidd"",""name"":""Reza"",""description"":""@muse and @spursofficial fan"",""friends_count"":236,""followers_count"":42,""statuses_count"":1589,""verified"":false,""utc_offset"":null,""time_zone"":null}",NULL,NULL
917842996225331201,Tue Oct 10 20:03:17 +0000 2017,"<a href=""http://twitter.com/download/iphone"" rel=""nofollow"">Twitter for iPhone</a>",False,0,"{""text"":""Ed Sheeran has been awarded with ‘Song Of The Year’ at the BMI London Awards for writing Justin Bieber’s “Love Yourself”!"",""user"":{""screen_name"":""TheJBCrewdotcom"",""name"":""Justin Bieber Crew""}}","{""urls"":[],""user_mentions"":[{""screen_name"":""TheJBCrewdotcom"",""name"":""Justin Bieber Crew""}],""hashtags"":[]}",RT @TheJBCrewdotcom: Ed Sheeran has been awarded with ‘Song Of The Year’ at the BMI London Awards for writing Justin Bieber’s “Love Yoursel…,"{""screen_name"":""fcukmegrayson"",""name"":""."",""description"":""---ETHAN LIKED MY FUCKING TWEET 22/08/17 STILL WAITING FOR GRAYSON TO DO SOMETHING// Grayson's lane"",""friends_count"":165,""followers_count"":3987,""statuses_count"":104684,""verified"":false,""utc_offset"":3600,""time_zone"":""London""}",NULL,NULL
917843006241337345,Tue Oct 10 20:03:20 +0000 2017,"<a href=""http://twitter.com/download/android"" rel=""nofollow"">Twitter for Android</a>",False,0,NULL,"{""urls"":[],""user_mentions"":[],""hashtags"":[]}",🎶If Ed Sheeran writes my song🎶  I'll finally top the charts🎶  - AJR.  A new add to my music stash,"{""screen_name"":""feismom09"",""name"":""Jul Brace"",""description"":""ID Mom, Red Sox, Patriots & Bruins fan"",""friends_count"":174,""followers_count"":38,""statuses_count"":907,""verified"":false,""utc_offset"":null,""time_zone"":null}",NULL,NULL
917843039447605248,Tue Oct 10 20:03:27 +0000 2017,"<a href=""http://twitter.com/download/android"" rel=""nofollow"">Twitter for Android</a>",False,0,"{""text"":""Ed Sheeran foi premiado com “Song Of The Year” no IMC London Awards por escrever “Love Yourself\"" do Justin! https://t.co/jrWE3gIwQD"",""user"":{""screen_name"":""bieberfbra"",""name"":""Bieber Fever Brasil""}}","{""urls"":[],""user_mentions"":[{""screen_name"":""bieberfbra"",""name"":""Bieber Fever Brasil""}],""hashtags"":[]}","RT @bieberfbra: Ed Sheeran foi premiado com “Song Of The Year” no IMC London Awards por escrever “Love Yourself"" do Justin! https://t.co/jr…","{""screen_name"":""isadoradutra7"",""name"":""Isadora​ Dutra"",""description"":""You make me smile in a way as if there was not sadness. @JustinBieber🇧🇷💙"",""friends_count"":2916,""followers_count"":1809,""statuses_count"":46216,""verified"":false,""utc_offset"":null,""time_zone"":null}",NULL,NULL
917843156439363586,Tue Oct 10 20:03:55 +0000 2017,"<a href=""http://twitter.com/download/android"" rel=""nofollow"">Twitter for Android</a>",False,0,"{""text"":""BELIEBERS HEMOS GANADO CANCIÓN DEL AÑO Y MEJOR CANCIÓN DANCE!\n@justinbieber Sencillo del año #LatinAMAs https://t.co/M89BEi6XTk"",""user"":{""screen_name"":""JB_BelieberBoy_"",""name"":""BelieberBoy""}}","{""urls"":[],""user_mentions"":[{""screen_name"":""JB_BelieberBoy_"",""name"":""BelieberBoy""},{""screen_name"":""justinbieber"",""name"":""Justin Bieber""}],""hashtags"":[{""text"":""LatinAMAs""}]}","RT @JB_BelieberBoy_: BELIEBERS HEMOS GANADO CANCIÓN DEL AÑO Y MEJOR CANCIÓN DANCE!
@justinbieber Sencillo del año #LatinAMAs https://t.co/M…","{""screen_name"":""DaugtherOfBiebs"",""name"":""Barb de Bárbara"",""description"":""@justinbieber @ShawnMendes @OneDirection @BarbaraPalvin @zaynmalik\nMinhas vidinhas ❤ Apenas Seja Feliz!\nJustin Follows 15/03/17"",""friends_count"":1631,""followers_count"":2128,""statuses_count"":25244,""verified"":false,""utc_offset"":null,""time_zone"":null}",NULL,NULL
917843289000292352,Tue Oct 10 20:04:27 +0000 2017,"<a href=""http://twitter.com/download/iphone"" rel=""nofollow"">Twitter for iPhone</a>",False,0,NULL,"{""urls"":[{""expanded_url"":""https://twitter.com/posenormani/status/917841948433633281""}],""user_mentions"":[],""hashtags"":[]}",Lmao https://t.co/Vu6EONGhct,"{""screen_name"":""kordeinterlude"",""name"":""🏹"",""description"":""no room for fools around me"",""friends_count"":195,""followers_count"":126,""statuses_count"":4601,""verified"":false,""utc_offset"":null,""time_zone"":null}",NULL,NULL
917843591715803136,Tue Oct 10 20:05:39 +0000 2017,"<a href=""http://www.twitter.com"" rel=""nofollow"">Twitter for Windows Phone</a>",False,0,"{""text"":""Ed Sheeran foi premiado na categoria Song Of The Year (Música do ano) no BMI London Awards por escrever \""Love Yours… https://t.co/GxMld8d5Xk"",""user"":{""screen_name"":""EdSheeranBrCom"",""name"":""Ed Sheeran Brasil""}}","{""urls"":[],""user_mentions"":[{""screen_name"":""EdSheeranBrCom"",""name"":""Ed Sheeran Brasil""}],""hashtags"":[]}","RT @EdSheeranBrCom: Ed Sheeran foi premiado na categoria Song Of The Year (Música do ano) no BMI London Awards por escrever ""Love Yours… ","{""screen_name"":""mariacilene212"",""name"":""Maria Cilene melo"",""description"":""\"" Baby your Smile's forever in my mind and memory ❤ \"""",""friends_count"":2115,""followers_count"":1706,""statuses_count"":35677,""verified"":false,""utc_offset"":null,""time_zone"":null}",NULL,NULL
917843676239450113,Tue Oct 10 20:05:59 +0000 2017,"<a href=""http://twitter.com/download/iphone"" rel=""nofollow"">Twitter for iPhone</a>",False,0,NULL,"{""urls"":[],""user_mentions"":[],""hashtags"":[]}",please just end me from this world where hearing ed sheeran's horrifying song is inescapable,"{""screen_name"":""Bsanch"",""name"":""Brandon Sanchez"",""description"":""🔮✨ witchcraft & wizardry at @HumanPitch | @RVNGIntl. | Smalltown @Supersound"",""friends_count"":1095,""followers_count"":408,""statuses_count"":5227,""verified"":false,""utc_offset"":-18000,""time_zone"":""Central Time (US & Canada)""}",NULL,NULL
917843683009007616,Tue Oct 10 20:06:01 +0000 2017,"<a href=""http://twitter.com/download/android"" rel=""nofollow"">Twitter for Android</a>",False,0,"{""text"":""BELIEBERS HEMOS GANADO CANCIÓN DEL AÑO Y MEJOR CANCIÓN DANCE!\n@justinbieber Sencillo del año #LatinAMAs https://t.co/M89BEi6XTk"",""user"":{""screen_name"":""JB_BelieberBoy_"",""name"":""BelieberBoy""}}","{""urls"":[],""user_mentions"":[{""screen_name"":""JB_BelieberBoy_"",""name"":""BelieberBoy""},{""screen_name"":""justinbieber"",""name"":""Justin Bieber""}],""hashtags"":[{""text"":""LatinAMAs""}]}","RT @JB_BelieberBoy_: BELIEBERS HEMOS GANADO CANCIÓN DEL AÑO Y MEJOR CANCIÓN DANCE!
@justinbieber Sencillo del año #LatinAMAs https://t.co/M…","{""screen_name"":""mybaejustin_"",""name"":""."",""description"":""@Justinbieber y @Villalobossebas Aunque la distancia me separe de ustedes, y el tiempo sea largo para verlos, yo los amaré igual♡."",""friends_count"":231,""followers_count"":347,""statuses_count"":5932,""verified"":false,""utc_offset"":null,""time_zone"":null}",NULL,NULL
917843807961583621,Tue Oct 10 20:06:31 +0000 2017,"<a href=""http://twitter.com/download/android"" rel=""nofollow"">Twitter for Android</a>",False,0,"{""text"":""Ed Sheeran foi premiado na categoria 'Song Of The Year' no BMI London Awards por escrever \""Love Yourself\"" de Justin Bieber!"",""user"":{""screen_name"":""nacao_bieber"",""name"":""Nação Bieber""}}","{""urls"":[],""user_mentions"":[{""screen_name"":""nacao_bieber"",""name"":""Nação Bieber""}],""hashtags"":[]}","RT @nacao_bieber: Ed Sheeran foi premiado na categoria 'Song Of The Year' no BMI London Awards por escrever ""Love Yourself"" de Justin Biebe…","{""screen_name"":""isadoradutra7"",""name"":""Isadora​ Dutra"",""description"":""You make me smile in a way as if there was not sadness. @JustinBieber🇧🇷💙"",""friends_count"":2916,""followers_count"":1809,""statuses_count"":46223,""verified"":false,""utc_offset"":null,""time_zone"":null}",NULL,NULL
917844096890363905,Tue Oct 10 20:07:40 +0000 2017,"<a href=""http://twitter.com/download/android"" rel=""nofollow"">Twitter for Android</a>",False,0,"{""text"":""BELIEBERS HEMOS GANADO CANCIÓN DEL AÑO Y MEJOR CANCIÓN DANCE!\n@justinbieber Sencillo del año #LatinAMAs https://t.co/M89BEi6XTk"",""user"":{""screen_name"":""JB_BelieberBoy_"",""name"":""BelieberBoy""}}","{""urls"":[],""user_mentions"":[{""screen_name"":""JB_BelieberBoy_"",""name"":""BelieberBoy""},{""screen_name"":""justinbieber"",""name"":""Justin Bieber""}],""hashtags"":[{""text"":""LatinAMAs""}]}","RT @JB_BelieberBoy_: BELIEBERS HEMOS GANADO CANCIÓN DEL AÑO Y MEJOR CANCIÓN DANCE!
@justinbieber Sencillo del año #LatinAMAs https://t.co/M…","{""screen_name"":""sbelieberbieber"",""name"":""tamiris"",""description"":""02/04/2017 ♡ - Purpose Tour São Paulo \n            09/09/2017 21:49 ♡ - Justin seguiu\n                            U.B.N.E🌟"",""friends_count"":765,""followers_count"":466,""statuses_count"":21984,""verified"":false,""utc_offset"":null,""time_zone"":null}",NULL,NULL
917844101017587713,Tue Oct 10 20:07:41 +0000 2017,"<a href=""http://twitter.com/download/iphone"" rel=""nofollow"">Twitter for iPhone</a>",False,0,NULL,"{""urls"":[],""user_mentions"":[],""hashtags"":[]}",Not an Ed Sheeran fan but I just heard a song of his on the radio and I think I’m crying what,"{""screen_name"":""elizabethkeres"",""name"":""Liz 🖤"",""description"":""burke"",""friends_count"":573,""followers_count"":478,""statuses_count"":8219,""verified"":false,""utc_offset"":-25200,""time_zone"":""Arizona""}",NULL,NULL
917844194621820928,Tue Oct 10 20:08:03 +0000 2017,"<a href=""http://twitter.com/download/android"" rel=""nofollow"">Twitter for Android</a>",False,0,"{""text"":""Ed is nominated for 4 EMAs:\n- Best UK &amp; Ireland Act\n- Best song (Shape Of You)\n- Best Artist\n- Best Live\n\nVote here… https://t.co/fKjPs8l6PV"",""user"":{""screen_name"":""EdSheeran_EU"",""name"":""Ed Sheeran Updates""}}","{""urls"":[],""user_mentions"":[{""screen_name"":""EdSheeran_EU"",""name"":""Ed Sheeran Updates""}],""hashtags"":[]}","RT @EdSheeran_EU: Ed is nominated for 4 EMAs:
- Best UK &amp; Ireland Act
- Best song (Shape Of You)
- Best Artist
- Best Live

Vote here… ","{""screen_name"":""lindaladyaries"",""name"":""Oh I 💋Oh I 💋Oh I💋"",""description"":""Love Ed Sheeran, my family,  most types of music, my guitar, my pets, nature, reading, cooking, gardening & being outdoors! Ed 7/15/17!!!!!!"",""friends_count"":909,""followers_count"":628,""statuses_count"":18436,""verified"":false,""utc_offset"":null,""time_zone"":null}",NULL,NULL
917844209452945414,Tue Oct 10 20:08:06 +0000 2017,"<a href=""http://twitter.com/download/iphone"" rel=""nofollow"">Twitter for iPhone</a>",False,0,"{""text"":""Ed Sheeran foi premiado na categoria Song Of The Year (Música do ano) no BMI London Awards por escrever \""Love Yours… https://t.co/GxMld8d5Xk"",""user"":{""screen_name"":""EdSheeranBrCom"",""name"":""Ed Sheeran Brasil""}}","{""urls"":[],""user_mentions"":[{""screen_name"":""EdSheeranBrCom"",""name"":""Ed Sheeran Brasil""}],""hashtags"":[]}","RT @EdSheeranBrCom: Ed Sheeran foi premiado na categoria Song Of The Year (Música do ano) no BMI London Awards por escrever ""Love Yours… ","{""screen_name"":""messsheeran"",""name"":""rut"",""description"":""eu queria que o amor fosse uma moeda e o mundo todo fosse rico"",""friends_count"":1130,""followers_count"":1599,""statuses_count"":25926,""verified"":false,""utc_offset"":-25200,""time_zone"":""Pacific Time (US & Canada)""}",NULL,NULL
917844371826970630,Tue Oct 10 20:08:45 +0000 2017,"<a href=""http://twitter.com/download/android"" rel=""nofollow"">Twitter for Android</a>",False,0,"{""text"":""Ed Sheeran has been awarded with ‘Song Of The Year’ at the BMI London Awards for writing Justin Bieber’s “Love Yourself”!"",""user"":{""screen_name"":""TheJBCrewdotcom"",""name"":""Justin Bieber Crew""}}","{""urls"":[],""user_mentions"":[{""screen_name"":""TheJBCrewdotcom"",""name"":""Justin Bieber Crew""}],""hashtags"":[]}",RT @TheJBCrewdotcom: Ed Sheeran has been awarded with ‘Song Of The Year’ at the BMI London Awards for writing Justin Bieber’s “Love Yoursel…,"{""screen_name"":""1150Tereza"",""name"":""JustinCZ"",""description"":""Justin Bieber💝💕 Czech Belieber❤\n#czechrepublicpurposetouragain"",""friends_count"":1771,""followers_count"":746,""statuses_count"":2033,""verified"":false,""utc_offset"":null,""time_zone"":null}",NULL,NULL
917844557718437890,Tue Oct 10 20:09:29 +0000 2017,"<a href=""http://twitter.com/download/iphone"" rel=""nofollow"">Twitter for iPhone</a>",False,0,"{""text"":""Ed Sheeran has been awarded with ‘Song Of The Year’ at the BMI London Awards for writing Justin Bieber’s “Love Yourself”!"",""user"":{""screen_name"":""TheJBCrewdotcom"",""name"":""Justin Bieber Crew""}}","{""urls"":[],""user_mentions"":[{""screen_name"":""TheJBCrewdotcom"",""name"":""Justin Bieber Crew""}],""hashtags"":[]}",RT @TheJBCrewdotcom: Ed Sheeran has been awarded with ‘Song Of The Year’ at the BMI London Awards for writing Justin Bieber’s “Love Yoursel…,"{""screen_name"":""ximenatellest"",""name"":""xime"",""description"":""@justinbieber💜"",""friends_count"":558,""followers_count"":345,""statuses_count"":2317,""verified"":false,""utc_offset"":null,""time_zone"":null}",NULL,NULL
917844598805934080,Tue Oct 10 20:09:39 +0000 2017,"<a href=""http://twitter.com/download/android"" rel=""nofollow"">Twitter for Android</a>",False,0,"{""text"":""Ed Sheeran has been awarded with ‘Song Of The Year’ at the BMI London Awards for writing Justin Bieber’s “Love Yourself”!"",""user"":{""screen_name"":""TheJBCrewdotcom"",""name"":""Justin Bieber Crew""}}","{""urls"":[],""user_mentions"":[{""screen_name"":""TheJBCrewdotcom"",""name"":""Justin Bieber Crew""}],""hashtags"":[]}",RT @TheJBCrewdotcom: Ed Sheeran has been awarded with ‘Song Of The Year’ at the BMI London Awards for writing Justin Bieber’s “Love Yoursel…,"{""screen_name"":""onmyjetjustin"",""name"":""▫"",""description"":""here for justin bieber"",""friends_count"":247,""followers_count"":249,""statuses_count"":7017,""verified"":false,""utc_offset"":null,""time_zone"":null}",NULL,NULL
917844675926614016,Tue Oct 10 20:09:58 +0000 2017,"<a href=""http://twitter.com/download/android"" rel=""nofollow"">Twitter for Android</a>",False,0,"{""text"":""Ed Sheeran foi premiado na categoria Song Of The Year (Música do ano) no BMI London Awards por escrever \""Love Yours… https://t.co/GxMld8d5Xk"",""user"":{""screen_name"":""EdSheeranBrCom"",""name"":""Ed Sheeran Brasil""}}","{""urls"":[],""user_mentions"":[{""screen_name"":""EdSheeranBrCom"",""name"":""Ed Sheeran Brasil""}],""hashtags"":[]}","RT @EdSheeranBrCom: Ed Sheeran foi premiado na categoria Song Of The Year (Música do ano) no BMI London Awards por escrever ""Love Yours… ","{""screen_name"":""CastleOnTheBody"",""name"":""➕✖➗ Perfect"",""description"":""I love Ed Sheeran with all my heart. #Sheerio forever. Music/Movies are my life. For music, Ed is nº 1. For movies, nº1 is between Tom Holland and Dylan O'Brien"",""friends_count"":935,""followers_count"":553,""statuses_count"":7459,""verified"":false,""utc_offset"":null,""time_zone"":null}",NULL,NULL
917844717890662400,Tue Oct 10 20:10:08 +0000 2017,"<a href=""http://twitter.com/download/android"" rel=""nofollow"">Twitter for Android</a>",False,0,"{""text"":""Ed is nominated for 4 EMAs:\n- Best UK &amp; Ireland Act\n- Best song (Shape Of You)\n- Best Artist\n- Best Live\n\nVote here… https://t.co/fKjPs8l6PV"",""user"":{""screen_name"":""EdSheeran_EU"",""name"":""Ed Sheeran Updates""}}","{""urls"":[],""user_mentions"":[{""screen_name"":""EdSheeran_EU"",""name"":""Ed Sheeran Updates""}],""hashtags"":[]}","RT @EdSheeran_EU: Ed is nominated for 4 EMAs:
- Best UK &amp; Ireland Act
- Best song (Shape Of You)
- Best Artist
- Best Live

Vote here… ","{""screen_name"":""CastleOnTheBody"",""name"":""➕✖➗ Perfect"",""description"":""I love Ed Sheeran with all my heart. #Sheerio forever. Music/Movies are my life. For music, Ed is nº 1. For movies, nº1 is between Tom Holland and Dylan O'Brien"",""friends_count"":935,""followers_count"":553,""statuses_count"":7460,""verified"":false,""utc_offset"":null,""time_zone"":null}",NULL,NULL
917844843514286081,Tue Oct 10 20:10:38 +0000 2017,"<a href=""http://twitter.com/download/android"" rel=""nofollow"">Twitter for Android</a>",False,0,"{""text"":""Ed Sheeran foi premiado na categoria Song Of The Year (Música do ano) no BMI London Awards por escrever \""Love Yours… https://t.co/GxMld8d5Xk"",""user"":{""screen_name"":""EdSheeranBrCom"",""name"":""Ed Sheeran Brasil""}}","{""urls"":[],""user_mentions"":[{""screen_name"":""EdSheeranBrCom"",""name"":""Ed Sheeran Brasil""}],""hashtags"":[]}","RT @EdSheeranBrCom: Ed Sheeran foi premiado na categoria Song Of The Year (Música do ano) no BMI London Awards por escrever ""Love Yours… ","{""screen_name"":""AmandaMendie"",""name"":""amanda"",""description"":""Tenho a vida movida por uma anã de 1,54m. Sofro pelo Ed Sheeran e pela Lea Michele. Wenoist é minha religião. Sofia Oliveira é meu amorzinho SIM!\n12|04●07|08"",""friends_count"":1171,""followers_count"":1703,""statuses_count"":53881,""verified"":false,""utc_offset"":-25200,""time_zone"":""Pacific Time (US & Canada)""}",NULL,NULL
917845275556839424,Tue Oct 10 20:12:21 +0000 2017,"<a href=""http://twitter.com/download/iphone"" rel=""nofollow"">Twitter for iPhone</a>",False,0,"{""text"":""Ed Sheeran has been awarded with ‘Song Of The Year’ at the BMI London Awards for writing Justin Bieber’s “Love Yourself”!"",""user"":{""screen_name"":""TheJBCrewdotcom"",""name"":""Justin Bieber Crew""}}","{""urls"":[],""user_mentions"":[{""screen_name"":""TheJBCrewdotcom"",""name"":""Justin Bieber Crew""}],""hashtags"":[]}",RT @TheJBCrewdotcom: Ed Sheeran has been awarded with ‘Song Of The Year’ at the BMI London Awards for writing Justin Bieber’s “Love Yoursel…,"{""screen_name"":""Clairiebelieber"",""name"":""Claire"",""description"":""I saw Justin at 24-06-17❤️@justinbieber❣️ 10-08-17 ~ my lucky day🍀💗Life is Worth Living♥️ @bkstg"",""friends_count"":851,""followers_count"":686,""statuses_count"":3555,""verified"":false,""utc_offset"":null,""time_zone"":null}",NULL,NULL
917845357312331787,Tue Oct 10 20:12:40 +0000 2017,"<a href=""http://twitter.com/download/iphone"" rel=""nofollow"">Twitter for iPhone</a>",False,0,NULL,"{""urls"":[],""user_mentions"":[],""hashtags"":[]}",Ed Sheeran's new song got me bawling,"{""screen_name"":""Diane_Jacquess"",""name"":""Diane Marie"",""description"":""No straightjacket could hold her; wild eyes, they would lure me in her trap"",""friends_count"":66,""followers_count"":292,""statuses_count"":7746,""verified"":false,""utc_offset"":null,""time_zone"":null}",NULL,NULL
917845541274472448,Tue Oct 10 20:13:24 +0000 2017,"<a href=""http://www.twitter.com"" rel=""nofollow"">Twitter for Windows Phone</a>",False,0,"{""text"":""Ed Sheeran has been awarded with ‘Song Of The Year’ at the BMI London Awards for writing Justin Bieber’s “Love Yourself”!"",""user"":{""screen_name"":""TheJBCrewdotcom"",""name"":""Justin Bieber Crew""}}","{""urls"":[],""user_mentions"":[{""screen_name"":""TheJBCrewdotcom"",""name"":""Justin Bieber Crew""}],""hashtags"":[]}",RT @TheJBCrewdotcom: Ed Sheeran has been awarded with ‘Song Of The Year’ at the BMI London Awards for writing Justin Bieber’s “Love Yoursel…,"{""screen_name"":""syntaxerrorhehe"",""name"":""Haniya"",""description"":""Sassy"",""friends_count"":408,""followers_count"":3236,""statuses_count"":29027,""verified"":false,""utc_offset"":-25200,""time_zone"":""Pacific Time (US & Canada)""}",NULL,NULL
917845572689776640,Tue Oct 10 20:13:31 +0000 2017,"<a href=""http://twitter.com/download/android"" rel=""nofollow"">Twitter for Android</a>",False,0,"{""text"":""Ed Sheeran has been awarded with ‘Song Of The Year’ at the BMI London Awards for writing Justin Bieber’s “Love Yourself”!"",""user"":{""screen_name"":""TheJBCrewdotcom"",""name"":""Justin Bieber Crew""}}","{""urls"":[],""user_mentions"":[{""screen_name"":""TheJBCrewdotcom"",""name"":""Justin Bieber Crew""}],""hashtags"":[]}",RT @TheJBCrewdotcom: Ed Sheeran has been awarded with ‘Song Of The Year’ at the BMI London Awards for writing Justin Bieber’s “Love Yoursel…,"{""screen_name"":""FatimaNaeemm"",""name"":""🐼"",""description"":""Visca Barca.\nInstagram: fatimanaeemm"",""friends_count"":395,""followers_count"":4738,""statuses_count"":92645,""verified"":false,""utc_offset"":18000,""time_zone"":""Karachi""}",NULL,NULL
917845716034256896,Tue Oct 10 20:14:06 +0000 2017,"<a href=""http://twitter.com/download/android"" rel=""nofollow"">Twitter for Android</a>",False,0,NULL,"{""urls"":[{""expanded_url"":""https://play.anghami.com/song/3379487?bid=/aB1b/crs7lQZD8G""}],""user_mentions"":[],""hashtags"":[]}",Listen to “I See Fire” by Ed Sheeran on Anghami https://t.co/xOLZJOGsSe,"{""screen_name"":""monahesham759"",""name"":""Mona Hesham"",""description"":""Astrophile: (n.) a person who loves stars, astronomy."",""friends_count"":142,""followers_count"":281,""statuses_count"":1431,""verified"":false,""utc_offset"":null,""time_zone"":null}",NULL,NULL
917845902399811584,Tue Oct 10 20:14:50 +0000 2017,"<a href=""http://twitter.com/download/android"" rel=""nofollow"">Twitter for Android</a>",False,0,NULL,"{""urls"":[{""expanded_url"":""https://twitter.com/EdSheeranBrCom/status/917806716623912966""}],""user_mentions"":[],""hashtags"":[]}",Eu sabia que aquela música era boa demais.. https://t.co/EwwGYHFsKY,"{""screen_name"":""NubiaPontes02"",""name"":""Núbia Pontes 🍩"",""description"":null,""friends_count"":83,""followers_count"":18,""statuses_count"":214,""verified"":false,""utc_offset"":null,""time_zone"":null}",NULL,NULL
917846027201318918,Tue Oct 10 20:15:20 +0000 2017,"<a href=""http://twitter.com/download/iphone"" rel=""nofollow"">Twitter for iPhone</a>",False,0,"{""text"":""Ed Sheeran has been awarded with ‘Song Of The Year’ at the BMI London Awards for writing Justin Bieber’s “Love Yourself”!"",""user"":{""screen_name"":""TheJBCrewdotcom"",""name"":""Justin Bieber Crew""}}","{""urls"":[],""user_mentions"":[{""screen_name"":""TheJBCrewdotcom"",""name"":""Justin Bieber Crew""}],""hashtags"":[]}",RT @TheJBCrewdotcom: Ed Sheeran has been awarded with ‘Song Of The Year’ at the BMI London Awards for writing Justin Bieber’s “Love Yoursel…,"{""screen_name"":""coraliabelieber"",""name"":""KIDRAUHL 💜"",""description"":""PROUD BELIEBER WHO LOVES HER IDOL @justinbieber! JUSTIN FOLLOWED ME 16:58 25/12/14! \""FRIENDS\"" SONG IS OUT ON iTUNES! ✝️=💜"",""friends_count"":1531,""followers_count"":2979,""statuses_count"":165075,""verified"":false,""utc_offset"":10800,""time_zone"":""Athens""}",NULL,NULL
917846367862652929,Tue Oct 10 20:16:41 +0000 2017,"<a href=""http://twitter.com/download/android"" rel=""nofollow"">Twitter for Android</a>",False,0,"{""text"":""Ed Sheeran has been awarded with ‘Song Of The Year’ at the BMI London Awards for writing Justin Bieber’s “Love Yourself”!"",""user"":{""screen_name"":""TheJBCrewdotcom"",""name"":""Justin Bieber Crew""}}","{""urls"":[],""user_mentions"":[{""screen_name"":""TheJBCrewdotcom"",""name"":""Justin Bieber Crew""}],""hashtags"":[]}",RT @TheJBCrewdotcom: Ed Sheeran has been awarded with ‘Song Of The Year’ at the BMI London Awards for writing Justin Bieber’s “Love Yoursel…,"{""screen_name"":""olsa574463351"",""name"":""Olsa Hebaj"",""description"":""#JustinBieber 💙\n#Justinfollowedme 😍❤\n4/6/2017 😚"",""friends_count"":995,""followers_count"":516,""statuses_count"":8252,""verified"":false,""utc_offset"":-25200,""time_zone"":""Pacific Time (US & Canada)""}",NULL,NULL
917847662333919233,Tue Oct 10 20:21:50 +0000 2017,"<a href=""http://twitter.com/download/android"" rel=""nofollow"">Twitter for Android</a>",False,0,"{""text"":""Ed Sheeran has been awarded with ‘Song Of The Year’ at the BMI London Awards for writing Justin Bieber’s “Love Yourself”!"",""user"":{""screen_name"":""TheJBCrewdotcom"",""name"":""Justin Bieber Crew""}}","{""urls"":[],""user_mentions"":[{""screen_name"":""TheJBCrewdotcom"",""name"":""Justin Bieber Crew""}],""hashtags"":[]}",RT @TheJBCrewdotcom: Ed Sheeran has been awarded with ‘Song Of The Year’ at the BMI London Awards for writing Justin Bieber’s “Love Yoursel…,"{""screen_name"":""perkins1704"",""name"":""🅱reuana"",""description"":""I'm crazy for Music. Music makes my soul happy. 🎧💙 Snapchat 👻QueenBreuana.                                    Instagram 📸 @perkins1704"",""friends_count"":3932,""followers_count"":3114,""statuses_count"":253135,""verified"":false,""utc_offset"":-21600,""time_zone"":""Mountain Time (US & Canada)""}",NULL,NULL
917847751722971137,Tue Oct 10 20:22:11 +0000 2017,"<a href=""http://twitter.com/download/android"" rel=""nofollow"">Twitter for Android</a>",False,0,"{""text"":""Ed Sheeran foi premiado com “Song Of The Year” no IMC London Awards por escrever “Love Yourself\"" do Justin! https://t.co/jrWE3gIwQD"",""user"":{""screen_name"":""bieberfbra"",""name"":""Bieber Fever Brasil""}}","{""urls"":[],""user_mentions"":[{""screen_name"":""bieberfbra"",""name"":""Bieber Fever Brasil""}],""hashtags"":[]}","RT @bieberfbra: Ed Sheeran foi premiado com “Song Of The Year” no IMC London Awards por escrever “Love Yourself"" do Justin! https://t.co/jr…","{""screen_name"":""EvelinAldaSilv1"",""name"":""belieber   evelin."",""description"":""saber   que   tenho   minha  família   com   migo."",""friends_count"":87,""followers_count"":38,""statuses_count"":1136,""verified"":false,""utc_offset"":null,""time_zone"":null}",NULL,NULL
917847881930899457,Tue Oct 10 20:22:42 +0000 2017,"<a href=""http://twitter.com/download/iphone"" rel=""nofollow"">Twitter for iPhone</a>",False,0,"{""text"":""Ed Sheeran wins Song Of The Year at the BMI London Awards for Justin Bieber hit Love Yourself\nhttps://t.co/0vDGmuGBGe"",""user"":{""screen_name"":""Metro_Ents"",""name"":""Metro Entertainment""}}","{""urls"":[{""expanded_url"":""https://trib.al/FuDYOEx""}],""user_mentions"":[{""screen_name"":""Metro_Ents"",""name"":""Metro Entertainment""}],""hashtags"":[]}","RT @Metro_Ents: Ed Sheeran wins Song Of The Year at the BMI London Awards for Justin Bieber hit Love Yourself
https://t.co/0vDGmuGBGe","{""screen_name"":""thepurposeflow"",""name"":""Cerena |TS Vienna"",""description"":""I stan Lilly, Kehlani, Margot & Justin | VVMMXV 💘💍 | Besties: @aspiringbiebs @jbfansruleworld @goldenkidrauhl @Dalella00 @Angelika_Vicky @purposesrauhl"",""friends_count"":34792,""followers_count"":31730,""statuses_count"":453100,""verified"":false,""utc_offset"":7200,""time_zone"":""Vienna""}",NULL,NULL
917848857656070146,Tue Oct 10 20:26:35 +0000 2017,"<a href=""http://twitter.com/download/android"" rel=""nofollow"">Twitter for Android</a>",False,0,"{""text"":""Ed deserves it👌🏽 love yourself made history https://t.co/7Ghys3hdVN"",""user"":{""screen_name"":""1Kidrauhl_Biebz"",""name"":""َ""}}","{""urls"":[{""expanded_url"":""https://twitter.com/TheJBCrewdotcom/status/917756827898654721""}],""user_mentions"":[{""screen_name"":""1Kidrauhl_Biebz"",""name"":""َ""}],""hashtags"":[]}",RT @1Kidrauhl_Biebz: Ed deserves it👌🏽 love yourself made history https://t.co/7Ghys3hdVN,"{""screen_name"":""bizzle_savage"",""name"":""♌"",""description"":null,""friends_count"":88,""followers_count"":622,""statuses_count"":75741,""verified"":false,""utc_offset"":null,""time_zone"":null}",NULL,NULL
917848895945871363,Tue Oct 10 20:26:44 +0000 2017,"<a href=""http://twitter.com/download/iphone"" rel=""nofollow"">Twitter for iPhone</a>",False,0,"{""text"":""BELIEBERS HEMOS GANADO CANCIÓN DEL AÑO Y MEJOR CANCIÓN DANCE!\n@justinbieber Sencillo del año #LatinAMAs https://t.co/M89BEi6XTk"",""user"":{""screen_name"":""JB_BelieberBoy_"",""name"":""BelieberBoy""}}","{""urls"":[],""user_mentions"":[{""screen_name"":""JB_BelieberBoy_"",""name"":""BelieberBoy""},{""screen_name"":""justinbieber"",""name"":""Justin Bieber""}],""hashtags"":[{""text"":""LatinAMAs""}]}","RT @JB_BelieberBoy_: BELIEBERS HEMOS GANADO CANCIÓN DEL AÑO Y MEJOR CANCIÓN DANCE!
@justinbieber Sencillo del año #LatinAMAs https://t.co/M…","{""screen_name"":""marian070401"",""name"":""L U N A🎃"",""description"":""I'am Sorry, but the old Marian can't come to the phone right now. Why? Oh! Cause she's dead."",""friends_count"":588,""followers_count"":461,""statuses_count"":17760,""verified"":false,""utc_offset"":null,""time_zone"":null}",NULL,NULL
917849087428452353,Tue Oct 10 20:27:29 +0000 2017,"<a href=""http://www.example.com"" rel=""nofollow"">lyricsfortwitter</a>",False,0,NULL,"{""urls"":[],""user_mentions"":[],""hashtags"":[]}","Oh... Happier by Ed Sheeran, somebody had to write this song.","{""screen_name"":""Lyrics4Tweets"",""name"":""LyricsForTweets"",""description"":""The world of Lyrics For Twitter (http://goo.gl/6b8Qq9) managed by your professional music curator!  FUN and GOOD MUSIC for EVERYONE. Challenge accepted !🏁"",""friends_count"":1508,""followers_count"":54,""statuses_count"":2737,""verified"":false,""utc_offset"":-25200,""time_zone"":""Pacific Time (US & Canada)""}",NULL,NULL
917849189530374145,Tue Oct 10 20:27:54 +0000 2017,"<a href=""http://twitter.com"" rel=""nofollow"">Twitter Web Client</a>",False,0,"{""text"":""Ed Sheeran wins Song Of The Year at the BMI London Awards for Justin Bieber hit Love Yourself\nhttps://t.co/0vDGmuGBGe"",""user"":{""screen_name"":""Metro_Ents"",""name"":""Metro Entertainment""}}","{""urls"":[{""expanded_url"":""https://trib.al/FuDYOEx""}],""user_mentions"":[{""screen_name"":""Metro_Ents"",""name"":""Metro Entertainment""}],""hashtags"":[]}","RT @Metro_Ents: Ed Sheeran wins Song Of The Year at the BMI London Awards for Justin Bieber hit Love Yourself
https://t.co/0vDGmuGBGe","{""screen_name"":""yazzooguy"",""name"":""Brian James"",""description"":""Ask yourself, If you are happy and you cease to be so."",""friends_count"":4057,""followers_count"":4066,""statuses_count"":16976,""verified"":false,""utc_offset"":3600,""time_zone"":""London""}",NULL,NULL
917849907851034624,Tue Oct 10 20:30:45 +0000 2017,"<a href=""http://twitter.com/download/iphone"" rel=""nofollow"">Twitter for iPhone</a>",False,0,"{""text"":""Ed Sheeran has been awarded with ‘Song Of The Year’ at the BMI London Awards for writing Justin Bieber’s “Love Yourself”!"",""user"":{""screen_name"":""TheJBCrewdotcom"",""name"":""Justin Bieber Crew""}}","{""urls"":[],""user_mentions"":[{""screen_name"":""TheJBCrewdotcom"",""name"":""Justin Bieber Crew""}],""hashtags"":[]}",RT @TheJBCrewdotcom: Ed Sheeran has been awarded with ‘Song Of The Year’ at the BMI London Awards for writing Justin Bieber’s “Love Yoursel…,"{""screen_name"":""Bettina9498"",""name"":""Bettina"",""description"":""ProudBelieber ∞ #TrueBelieber#Belieberforever#WeloveyouJustin#Wewanttoseeyouhappy❤18.09.2016 Pourpose Tour Cologne/25.06.2017 Purpose Station Tour Frankfurt❤️"",""friends_count"":160,""followers_count"":191,""statuses_count"":16745,""verified"":false,""utc_offset"":null,""time_zone"":null}",NULL,NULL
917850284185079808,Tue Oct 10 20:32:15 +0000 2017,"<a href=""http://twitter.com/download/iphone"" rel=""nofollow"">Twitter for iPhone</a>",False,0,"{""text"":""Ed Sheeran has been awarded with ‘Song Of The Year’ at the BMI London Awards for writing Justin Bieber’s “Love Yourself”!"",""user"":{""screen_name"":""TheJBCrewdotcom"",""name"":""Justin Bieber Crew""}}","{""urls"":[],""user_mentions"":[{""screen_name"":""TheJBCrewdotcom"",""name"":""Justin Bieber Crew""}],""hashtags"":[]}",RT @TheJBCrewdotcom: Ed Sheeran has been awarded with ‘Song Of The Year’ at the BMI London Awards for writing Justin Bieber’s “Love Yoursel…,"{""screen_name"":""ambmartinx"",""name"":""Amber"",""description"":""Snapchat- amb.martinx"",""friends_count"":172,""followers_count"":41,""statuses_count"":148,""verified"":false,""utc_offset"":null,""time_zone"":null}",NULL,NULL
917850800289910784,Tue Oct 10 20:34:18 +0000 2017,"<a href=""http://twitter.com/download/android"" rel=""nofollow"">Twitter for Android</a>",False,0,"{""text"":""Ed Sheeran has been awarded with ‘Song Of The Year’ at the BMI London Awards for writing Justin Bieber’s “Love Yourself”!"",""user"":{""screen_name"":""TheJBCrewdotcom"",""name"":""Justin Bieber Crew""}}","{""urls"":[],""user_mentions"":[{""screen_name"":""TheJBCrewdotcom"",""name"":""Justin Bieber Crew""}],""hashtags"":[]}",RT @TheJBCrewdotcom: Ed Sheeran has been awarded with ‘Song Of The Year’ at the BMI London Awards for writing Justin Bieber’s “Love Yoursel…,"{""screen_name"":""BelieberLu21"",""name"":""Luzღ"",""description"":""BelieberForever/Argentina/Seguime y te sigo/Love Yourself❤"",""friends_count"":705,""followers_count"":618,""statuses_count"":50499,""verified"":false,""utc_offset"":-10800,""time_zone"":""Atlantic Time (Canada)""}",NULL,NULL
917850880224956416,Tue Oct 10 20:34:37 +0000 2017,"<a href=""http://twitter.com/download/iphone"" rel=""nofollow"">Twitter for iPhone</a>",False,0,NULL,"{""urls"":[{""expanded_url"":""https://play.anghami.com/song/11074599?bid=/aB1b/CO5rQAnF8G""}],""user_mentions"":[],""hashtags"":[]}","Day 1: Gold Rush by 'Ed Sheeran'
https://t.co/ZbkjivSSnW","{""screen_name"":""MahyAElsebaay"",""name"":""Mahy ElSebaay"",""description"":""Be careful, I'm watching you closely 🌚🃏"",""friends_count"":783,""followers_count"":1707,""statuses_count"":16180,""verified"":false,""utc_offset"":10800,""time_zone"":""Athens""}",MahyAElsebaay,NULL
917850885384036352,Tue Oct 10 20:34:38 +0000 2017,"<a href=""http://twitter.com/download/android"" rel=""nofollow"">Twitter for Android</a>",False,0,"{""text"":""Ed Sheeran has been awarded with ‘Song Of The Year’ at the BMI London Awards for writing Justin Bieber’s “Love Yourself”!"",""user"":{""screen_name"":""TheJBCrewdotcom"",""name"":""Justin Bieber Crew""}}","{""urls"":[],""user_mentions"":[{""screen_name"":""TheJBCrewdotcom"",""name"":""Justin Bieber Crew""}],""hashtags"":[]}",RT @TheJBCrewdotcom: Ed Sheeran has been awarded with ‘Song Of The Year’ at the BMI London Awards for writing Justin Bieber’s “Love Yoursel…,"{""screen_name"":""justineira_27"",""name"":""Ceci"",""description"":""Justin followed me day 22.09.16 and answered me day 16.10.15 ♡"",""friends_count"":3736,""followers_count"":3142,""statuses_count"":135835,""verified"":false,""utc_offset"":-10800,""time_zone"":""Brasilia""}",NULL,NULL
917850921312321536,Tue Oct 10 20:34:47 +0000 2017,"<a href=""http://twitter.com/download/android"" rel=""nofollow"">Twitter for Android</a>",False,0,"{""text"":""Ed Sheeran wins Song Of The Year at the BMI London Awards for Justin Bieber hit Love Yourself\nhttps://t.co/0vDGmuGBGe"",""user"":{""screen_name"":""Metro_Ents"",""name"":""Metro Entertainment""}}","{""urls"":[{""expanded_url"":""https://trib.al/FuDYOEx""}],""user_mentions"":[{""screen_name"":""Metro_Ents"",""name"":""Metro Entertainment""}],""hashtags"":[]}","RT @Metro_Ents: Ed Sheeran wins Song Of The Year at the BMI London Awards for Justin Bieber hit Love Yourself
https://t.co/0vDGmuGBGe","{""screen_name"":""justineira_27"",""name"":""Ceci"",""description"":""Justin followed me day 22.09.16 and answered me day 16.10.15 ♡"",""friends_count"":3736,""followers_count"":3142,""statuses_count"":135837,""verified"":false,""utc_offset"":-10800,""time_zone"":""Brasilia""}",NULL,NULL
917850986865192960,Tue Oct 10 20:35:02 +0000 2017,"<a href=""http://twitter.com/download/iphone"" rel=""nofollow"">Twitter for iPhone</a>",False,0,"{""text"":""Hold up imma let you finish but Tenerife Sea by Ed Sheeran is the greatest song of all time"",""user"":{""screen_name"":""OliviaCaridi"",""name"":""Olivia Caridi""}}","{""urls"":[],""user_mentions"":[{""screen_name"":""OliviaCaridi"",""name"":""Olivia Caridi""}],""hashtags"":[]}",RT @OliviaCaridi: Hold up imma let you finish but Tenerife Sea by Ed Sheeran is the greatest song of all time,"{""screen_name"":""lysslabelle"",""name"":""Alyssa Labelle"",""description"":""“A life with love is a life that's been lived” @EdSheeran"",""friends_count"":347,""followers_count"":87,""statuses_count"":369,""verified"":false,""utc_offset"":null,""time_zone"":null}",NULL,NULL
917851342768664579,Tue Oct 10 20:36:27 +0000 2017,"<a href=""http://twitter.com/download/iphone"" rel=""nofollow"">Twitter for iPhone</a>",False,0,NULL,"{""urls"":[{""expanded_url"":""https://play.anghami.com/song/11074599?bid=/aB1b/CO5rQAnF8G""}],""user_mentions"":[],""hashtags"":[]}","Day 1: Gold Rush by 'Ed Sheeran' 
https://t.co/ZbkjivSSnW","{""screen_name"":""MahyAElsebaay"",""name"":""Mahy ElSebaay"",""description"":""Be careful, I'm watching you closely 🌚🃏"",""friends_count"":783,""followers_count"":1707,""statuses_count"":16180,""verified"":false,""utc_offset"":10800,""time_zone"":""Athens""}",MahyAElsebaay,NULL
917852108526780416,Tue Oct 10 20:39:30 +0000 2017,"<a href=""http://twitter.com/download/iphone"" rel=""nofollow"">Twitter for iPhone</a>",False,0,"{""text"":""Ed is nominated for 4 EMAs:\n- Best UK &amp; Ireland Act\n- Best song (Shape Of You)\n- Best Artist\n- Best Live\n\nVote here… https://t.co/fKjPs8l6PV"",""user"":{""screen_name"":""EdSheeran_EU"",""name"":""Ed Sheeran Updates""}}","{""urls"":[],""user_mentions"":[{""screen_name"":""EdSheeran_EU"",""name"":""Ed Sheeran Updates""}],""hashtags"":[]}","RT @EdSheeran_EU: Ed is nominated for 4 EMAs:
- Best UK &amp; Ireland Act
- Best song (Shape Of You)
- Best Artist
- Best Live

Vote here… ","{""screen_name"":""Rbk_07Agui"",""name"":""Rebeca x"",""description"":""Saw Teddy Live 06/10/17||Pink Floyd||Sheerio||Directioner"",""friends_count"":268,""followers_count"":291,""statuses_count"":11864,""verified"":false,""utc_offset"":-18000,""time_zone"":""Central Time (US & Canada)""}",NULL,NULL
917852149165580289,Tue Oct 10 20:39:39 +0000 2017,"<a href=""http://twitter.com/download/android"" rel=""nofollow"">Twitter for Android</a>",False,0,"{""text"":""Ed Sheeran foi o vencedor do “Song Of The Year” (Canção do Ano) no BMI London Awards por ter escrito o hit “Love Yo… https://t.co/Fj0pq7MbZG"",""user"":{""screen_name"":""Bellieeber4ever"",""name"":""Belieber ❤️ Forever""}}","{""urls"":[],""user_mentions"":[{""screen_name"":""Bellieeber4ever"",""name"":""Belieber ❤️ Forever""}],""hashtags"":[]}",RT @Bellieeber4ever: Ed Sheeran foi o vencedor do “Song Of The Year” (Canção do Ano) no BMI London Awards por ter escrito o hit “Love Yo… ,"{""screen_name"":""zCamilyx"",""name"":""C"",""description"":""felizmente Belieber e Selenator"",""friends_count"":529,""followers_count"":559,""statuses_count"":21311,""verified"":false,""utc_offset"":null,""time_zone"":null}",NULL,NULL
917852258070560768,Tue Oct 10 20:40:05 +0000 2017,"<a href=""http://twitter.com/download/iphone"" rel=""nofollow"">Twitter for iPhone</a>",False,0,"{""text"":""How did I just find out that Russ and Ed Sheeran have a song together?? https://t.co/2NjNsMhHZP"",""user"":{""screen_name"":""ktdorris_"",""name"":""Katie Dorris""}}","{""urls"":[],""user_mentions"":[{""screen_name"":""ktdorris_"",""name"":""Katie Dorris""}],""hashtags"":[]}",RT @ktdorris_: How did I just find out that Russ and Ed Sheeran have a song together?? https://t.co/2NjNsMhHZP,"{""screen_name"":""ChsBaseball1010"",""name"":""Bryce"",""description"":null,""friends_count"":24,""followers_count"":41,""statuses_count"":847,""verified"":false,""utc_offset"":null,""time_zone"":null}",NULL,NULL
917852981567074304,Tue Oct 10 20:42:58 +0000 2017,"<a href=""http://twitter.com/download/android"" rel=""nofollow"">Twitter for Android</a>",False,0,"{""text"":""Piosenka Love Yourself, którą Ed napisał dla @justinbieber została Piosenką Roku na rozdaniu nagród @BMILondon 👏🎊🎉 https://t.co/XcyD646lLO"",""user"":{""screen_name"":""SheeranFansPL"",""name"":""Ed Sheeran Polska""}}","{""urls"":[],""user_mentions"":[{""screen_name"":""SheeranFansPL"",""name"":""Ed Sheeran Polska""},{""screen_name"":""justinbieber"",""name"":""Justin Bieber""},{""screen_name"":""BMILondon"",""name"":""BMI London""}],""hashtags"":[]}","RT @SheeranFansPL: Piosenka Love Yourself, którą Ed napisał dla @justinbieber została Piosenką Roku na rozdaniu nagród @BMILondon 👏🎊🎉 https…","{""screen_name"":""hiharryoopss"",""name"":""i'll see ed sheeran"",""description"":""i wish i could but i don't want to"",""friends_count"":475,""followers_count"":592,""statuses_count"":7307,""verified"":false,""utc_offset"":7200,""time_zone"":""Warsaw""}",NULL,NULL
917853034297696257,Tue Oct 10 20:43:10 +0000 2017,"<a href=""http://twitter.com"" rel=""nofollow"">Twitter Web Client</a>",False,0,"{""text"":""Ed Sheeran wins Song Of The Year at the BMI London Awards for Justin Bieber hit Love Yourself\nhttps://t.co/0vDGmuGBGe"",""user"":{""screen_name"":""Metro_Ents"",""name"":""Metro Entertainment""}}","{""urls"":[{""expanded_url"":""https://trib.al/FuDYOEx""}],""user_mentions"":[{""screen_name"":""Metro_Ents"",""name"":""Metro Entertainment""}],""hashtags"":[]}","RT @Metro_Ents: Ed Sheeran wins Song Of The Year at the BMI London Awards for Justin Bieber hit Love Yourself
https://t.co/0vDGmuGBGe","{""screen_name"":""bxmbict"",""name"":""b. 𗁦"",""description"":""Taylor Swift. Justin Bieber. Hailey Baldwin. #IllBeTheActressStarringinYourBadDreams 🐍 #RepuTAYtion REPUTATION BY TAYLOR SWIFT OUT NOVEMBER 10TH"",""friends_count"":627,""followers_count"":1828,""statuses_count"":70684,""verified"":false,""utc_offset"":-18000,""time_zone"":""Central Time (US & Canada)""}",NULL,NULL
917853311407132679,Tue Oct 10 20:44:16 +0000 2017,"<a href=""https://mobile.twitter.com"" rel=""nofollow"">Twitter Lite</a>",False,0,"{""text"":""Ed Sheeran wins Song Of The Year at the BMI London Awards for Justin Bieber hit Love Yourself\nhttps://t.co/0vDGmuGBGe"",""user"":{""screen_name"":""Metro_Ents"",""name"":""Metro Entertainment""}}","{""urls"":[{""expanded_url"":""https://trib.al/FuDYOEx""}],""user_mentions"":[{""screen_name"":""Metro_Ents"",""name"":""Metro Entertainment""}],""hashtags"":[]}","RT @Metro_Ents: Ed Sheeran wins Song Of The Year at the BMI London Awards for Justin Bieber hit Love Yourself
https://t.co/0vDGmuGBGe","{""screen_name"":""MaahVictory"",""name"":""Mayara Vitoria"",""description"":""Belieber and Arianator\n- Justin me seguiu 31/03/15  \n\nFollow your dreams 🌃💙"",""friends_count"":1282,""followers_count"":1238,""statuses_count"":22044,""verified"":false,""utc_offset"":-10800,""time_zone"":""Brasilia""}",NULL,NULL
917853575577038848,Tue Oct 10 20:45:19 +0000 2017,"<a href=""http://twitter.com/download/iphone"" rel=""nofollow"">Twitter for iPhone</a>",False,0,"{""text"":""BELIEBERS HEMOS GANADO CANCIÓN DEL AÑO Y MEJOR CANCIÓN DANCE!\n@justinbieber Sencillo del año #LatinAMAs https://t.co/M89BEi6XTk"",""user"":{""screen_name"":""JB_BelieberBoy_"",""name"":""BelieberBoy""}}","{""urls"":[],""user_mentions"":[{""screen_name"":""JB_BelieberBoy_"",""name"":""BelieberBoy""},{""screen_name"":""justinbieber"",""name"":""Justin Bieber""}],""hashtags"":[{""text"":""LatinAMAs""}]}","RT @JB_BelieberBoy_: BELIEBERS HEMOS GANADO CANCIÓN DEL AÑO Y MEJOR CANCIÓN DANCE!
@justinbieber Sencillo del año #LatinAMAs https://t.co/M…","{""screen_name"":""EliannyDF"",""name"":""ღ7for7ღ"",""description"":""Justin/Got7"",""friends_count"":367,""followers_count"":441,""statuses_count"":11602,""verified"":false,""utc_offset"":null,""time_zone"":null}",NULL,NULL
917853759002333184,Tue Oct 10 20:46:03 +0000 2017,"<a href=""http://www.socialflow.com"" rel=""nofollow"">SocialFlow</a>",False,0,NULL,"{""urls"":[{""expanded_url"":""https://trib.al/zmv3UKE""}],""user_mentions"":[],""hashtags"":[]}","Ed Sheeran wins Song Of The Year at the BMI London Awards for Justin Bieber hit Love Yourself
https://t.co/ofwNGByM8c","{""screen_name"":""Metro_Ents"",""name"":""Metro Entertainment"",""description"":""Metro Ents brings you the latest news from the TV, Film, Music, Showbiz & Gaming worlds.\n\nLike us on Facebook:\nhttps://www.facebook.com/MetroEnts/"",""friends_count"":6276,""followers_count"":48239,""statuses_count"":112277,""verified"":true,""utc_offset"":3600,""time_zone"":""London""}",NULL,NULL
917853809778585600,Tue Oct 10 20:46:15 +0000 2017,"<a href=""http://www.facebook.com/twitter"" rel=""nofollow"">Facebook</a>",False,0,NULL,"{""urls"":[{""expanded_url"":""http://fb.me/8mEq6WPqV""}],""user_mentions"":[],""hashtags"":[]}",Loving the Tim &amp; Faith song co-written by Ed Sheeran! ❤️❤️❤️ https://t.co/r9Jh0egfkP,"{""screen_name"":""karenwest973"",""name"":""Karen West"",""description"":""Radio Personality - Author - World Traveler on a shoestring!  Follow me on FB/IG/Snapchat @karenwest973"",""friends_count"":1192,""followers_count"":3097,""statuses_count"":8069,""verified"":false,""utc_offset"":-18000,""time_zone"":""Quito""}",NULL,NULL
917854027689361414,Tue Oct 10 20:47:07 +0000 2017,"<a href=""http://twitter.com"" rel=""nofollow"">Twitter Web Client</a>",False,0,NULL,"{""urls"":[{""expanded_url"":""https://www.youtube.com/watch?v=7Qp5vcuMIlk""}],""user_mentions"":[],""hashtags"":[]}","Finally, an Ed Sheeran song that I like!!!
https://t.co/fPVZpTTq3q","{""screen_name"":""AmandaTheHoser"",""name"":""Amanda 💜"",""description"":""Do your best & leave the rest to fortuosity! ★ 18 ★ TV major, actor, musician, Catholic, fangirl, & penpal! ★ 6.3.17 💎"",""friends_count"":2187,""followers_count"":3363,""statuses_count"":135783,""verified"":false,""utc_offset"":-14400,""time_zone"":""Eastern Time (US & Canada)""}",NULL,NULL
917854062317588480,Tue Oct 10 20:47:16 +0000 2017,"<a href=""http://twitter.com/download/iphone"" rel=""nofollow"">Twitter for iPhone</a>",False,0,"{""text"":""Ed Sheeran wins Song Of The Year at the BMI London Awards for Justin Bieber hit Love Yourself\nhttps://t.co/ofwNGByM8c"",""user"":{""screen_name"":""Metro_Ents"",""name"":""Metro Entertainment""}}","{""urls"":[{""expanded_url"":""https://trib.al/zmv3UKE""}],""user_mentions"":[{""screen_name"":""Metro_Ents"",""name"":""Metro Entertainment""}],""hashtags"":[]}","RT @Metro_Ents: Ed Sheeran wins Song Of The Year at the BMI London Awards for Justin Bieber hit Love Yourself
https://t.co/ofwNGByM8c","{""screen_name"":""sweeney_white"",""name"":""Sari Sweeney White"",""description"":""Fan of Captain America , The Flash , Superman , Batman , Nightwing , Red Hood , Supergirl , Superboy , Kid Flash , Zoom , Reverse Flash , Godspeed ,"",""friends_count"":3775,""followers_count"":1075,""statuses_count"":18122,""verified"":false,""utc_offset"":null,""time_zone"":null}",NULL,NULL
917854131502698497,Tue Oct 10 20:47:32 +0000 2017,"<a href=""http://twitter.com/download/android"" rel=""nofollow"">Twitter for Android</a>",False,0,"{""text"":""Ed Sheeran foi premiado na categoria 'Song Of The Year' no BMI London Awards por escrever \""Love Yourself\"" de Justin Bieber!"",""user"":{""screen_name"":""nacao_bieber"",""name"":""Nação Bieber""}}","{""urls"":[],""user_mentions"":[{""screen_name"":""nacao_bieber"",""name"":""Nação Bieber""}],""hashtags"":[]}","RT @nacao_bieber: Ed Sheeran foi premiado na categoria 'Song Of The Year' no BMI London Awards por escrever ""Love Yourself"" de Justin Biebe…","{""screen_name"":""flyando123"",""name"":""Aléxia"",""description"":""Yeah, you give me purpose @justinbieber\nBelieber and Flyer ❤"",""friends_count"":322,""followers_count"":210,""statuses_count"":6087,""verified"":false,""utc_offset"":null,""time_zone"":null}",NULL,NULL
917854191900643328,Tue Oct 10 20:47:46 +0000 2017,"<a href=""http://twitter.com/download/android"" rel=""nofollow"">Twitter for Android</a>",False,0,"{""text"":""Ed Sheeran został nagrodzony w kategorii \""Song Of The Year\"" na BMI London Awards za napisanie \""Love Yourself\""!"",""user"":{""screen_name"":""jbdailypoland"",""name"":""Justin Bieber Polska""}}","{""urls"":[],""user_mentions"":[{""screen_name"":""jbdailypoland"",""name"":""Justin Bieber Polska""}],""hashtags"":[]}","RT @jbdailypoland: Ed Sheeran został nagrodzony w kategorii ""Song Of The Year"" na BMI London Awards za napisanie ""Love Yourself""!","{""screen_name"":""mpwsk"",""name"":""buonarroti"",""description"":""mam 16 lat, a zachowuje się jakbym miała 5\nPS siatkówka i skoki to nadsporty\nmam zdjęcie ze swoim idolem i niedługo mogę umierać"",""friends_count"":143,""followers_count"":64,""statuses_count"":1840,""verified"":false,""utc_offset"":-25200,""time_zone"":""Pacific Time (US & Canada)""}",NULL,NULL
917854199051902977,Tue Oct 10 20:47:48 +0000 2017,"<a href=""http://twitter.com/download/android"" rel=""nofollow"">Twitter for Android</a>",False,0,"{""text"":""Ed Sheeran wins Song Of The Year at the BMI London Awards for Justin Bieber hit Love Yourself\nhttps://t.co/ofwNGByM8c"",""user"":{""screen_name"":""Metro_Ents"",""name"":""Metro Entertainment""}}","{""urls"":[{""expanded_url"":""https://trib.al/zmv3UKE""}],""user_mentions"":[{""screen_name"":""Metro_Ents"",""name"":""Metro Entertainment""}],""hashtags"":[]}","RT @Metro_Ents: Ed Sheeran wins Song Of The Year at the BMI London Awards for Justin Bieber hit Love Yourself
https://t.co/ofwNGByM8c","{""screen_name"":""michfizzyfeet"",""name"":""Michelle Richardson"",""description"":""Poet and general lover of words, fairy stories & the smell of old books. A bit mad, but all the best people are. Follower of Jesus."",""friends_count"":1860,""followers_count"":1052,""statuses_count"":10721,""verified"":false,""utc_offset"":null,""time_zone"":null}",NULL,NULL
