khaled.id,khaled.created_at,khaled.source,khaled.favorited,khaled.retweet_count,khaled.retweeted_status,khaled.entities,khaled.text,khaled.user,khaled.in_reply_to_screen_name,khaled.place
917138044188229638,Sun Oct 08 21:22:03 +0000 2017,"<a href=""https://mobile.twitter.com"" rel=""nofollow"">Twitter Lite</a>",False,0,"{""text"":""DJ Khaled &amp; Asahd at the BET Hip Hop Awards https://t.co/Ntt3otOAmM"",""user"":{""screen_name"":""rapspotlights"",""name"":""Rap Spotlights""}}","{""urls"":[],""user_mentions"":[{""screen_name"":""rapspotlights"",""name"":""Rap Spotlights""}],""hashtags"":[]}",RT @rapspotlights: DJ Khaled &amp; Asahd at the BET Hip Hop Awards https://t.co/Ntt3otOAmM,"{""screen_name"":""lusandapapu"",""name"":""Camagwini.🌸"",""description"":""@nerovianne_ho doll 💫"",""friends_count"":289,""followers_count"":1273,""statuses_count"":20352,""verified"":false,""utc_offset"":null,""time_zone"":null}",NULL,NULL
917138079655387136,Sun Oct 08 21:22:12 +0000 2017,"<a href=""http://twitter.com/download/iphone"" rel=""nofollow"">Twitter for iPhone</a>",False,0,"{""text"":""DJ Khaled &amp; Asahd at the BET Hip Hop Awards https://t.co/Ntt3otOAmM"",""user"":{""screen_name"":""rapspotlights"",""name"":""Rap Spotlights""}}","{""urls"":[],""user_mentions"":[{""screen_name"":""rapspotlights"",""name"":""Rap Spotlights""}],""hashtags"":[]}",RT @rapspotlights: DJ Khaled &amp; Asahd at the BET Hip Hop Awards https://t.co/Ntt3otOAmM,"{""screen_name"":""Elrufai_TI"",""name"":""Elnibro"",""description"":""Instagram Elrufai_TI ..."",""friends_count"":995,""followers_count"":7649,""statuses_count"":125580,""verified"":false,""utc_offset"":-25200,""time_zone"":""Pacific Time (US & Canada)""}",NULL,NULL
917138104821133312,Sun Oct 08 21:22:18 +0000 2017,"<a href=""http://twitter.com/download/iphone"" rel=""nofollow"">Twitter for iPhone</a>",False,0,"{""text"":""DJ Khaled &amp; Asahd at the BET Hip Hop Awards https://t.co/Ntt3otOAmM"",""user"":{""screen_name"":""rapspotlights"",""name"":""Rap Spotlights""}}","{""urls"":[],""user_mentions"":[{""screen_name"":""rapspotlights"",""name"":""Rap Spotlights""}],""hashtags"":[]}",RT @rapspotlights: DJ Khaled &amp; Asahd at the BET Hip Hop Awards https://t.co/Ntt3otOAmM,"{""screen_name"":""TheeHoney_Bee"",""name"":""B-Rad✨⚫️"",""description"":""I take pictures. yougonefollowornah ? AYAT ? SC: TheeHoney_Bee #chicagophotographer"",""friends_count"":1552,""followers_count"":2533,""statuses_count"":45989,""verified"":false,""utc_offset"":null,""time_zone"":null}",NULL,NULL
917138292331696131,Sun Oct 08 21:23:03 +0000 2017,"<a href=""http://twitter.com/download/iphone"" rel=""nofollow"">Twitter for iPhone</a>",False,0,NULL,"{""urls"":[{""expanded_url"":""https://twitter.com/turntalien/status/900228984759365632""}],""user_mentions"":[],""hashtags"":[]}",sou fã do dj khaled desde quando ele virou o arlindo cruz https://t.co/f42UIRmTxO,"{""screen_name"":""gxbrielmvli"",""name"":""Łimą 💸"",""description"":""18 • o inter existir me basta 🇦🇹@SCInternacional @Patriots @spurs @BVB"",""friends_count"":581,""followers_count"":737,""statuses_count"":26543,""verified"":false,""utc_offset"":-25200,""time_zone"":""Pacific Time (US & Canada)""}",NULL,NULL
917138347956559874,Sun Oct 08 21:23:16 +0000 2017,"<a href=""https://mobile.twitter.com"" rel=""nofollow"">Twitter Lite</a>",False,0,"{""text"":""DJ Khaled &amp; Asahd at the BET Hip Hop Awards https://t.co/Ntt3otOAmM"",""user"":{""screen_name"":""rapspotlights"",""name"":""Rap Spotlights""}}","{""urls"":[],""user_mentions"":[{""screen_name"":""rapspotlights"",""name"":""Rap Spotlights""}],""hashtags"":[]}",RT @rapspotlights: DJ Khaled &amp; Asahd at the BET Hip Hop Awards https://t.co/Ntt3otOAmM,"{""screen_name"":""Adore_ray"",""name"":""rAy"",""description"":""Writer/Critic. \nI exist when you do not see me.."",""friends_count"":2243,""followers_count"":3588,""statuses_count"":31183,""verified"":false,""utc_offset"":3600,""time_zone"":""West Central Africa""}",NULL,NULL
917138394026856448,Sun Oct 08 21:23:27 +0000 2017,"<a href=""http://twitter.com/download/android"" rel=""nofollow"">Twitter for Android</a>",False,0,"{""text"":""DJ Khaled &amp; Asahd at the BET Hip Hop Awards https://t.co/Ntt3otOAmM"",""user"":{""screen_name"":""rapspotlights"",""name"":""Rap Spotlights""}}","{""urls"":[],""user_mentions"":[{""screen_name"":""rapspotlights"",""name"":""Rap Spotlights""}],""hashtags"":[]}",RT @rapspotlights: DJ Khaled &amp; Asahd at the BET Hip Hop Awards https://t.co/Ntt3otOAmM,"{""screen_name"":""GeggyGifty"",""name"":""Umahi Gifty Zobba"",""description"":""The Gifted:Classy N Thankful!.\n          Gmodelg@gmail.com"",""friends_count"":858,""followers_count"":980,""statuses_count"":3092,""verified"":false,""utc_offset"":null,""time_zone"":null}",NULL,NULL
917138768175484931,Sun Oct 08 21:24:56 +0000 2017,"<a href=""https://radio.co"" rel=""nofollow"">Radio.co now playing</a>",False,0,NULL,"{""urls"":[],""user_mentions"":[],""hashtags"":[{""text"":""NP""},{""text"":""JattRadio""},{""text"":""WeBleedAfrobeat""}]}","#NP DJ Khaled - I'm The One (Ft. Justin Bieber, Quavo, Chance the Rapper &amp; Lil Wayne) #JattRadio #WeBleedAfrobeat","{""screen_name"":""Jattonlineradio"",""name"":""JattRadio"",""description"":""Jatt Radio is a digital radio platform based in Nigeria run by renowned DJ Jimmy Jatt streaming quality Afro Beat, Hip Hop and RnB music."",""friends_count"":0,""followers_count"":130,""statuses_count"":30229,""verified"":false,""utc_offset"":-25200,""time_zone"":""Pacific Time (US & Canada)""}",NULL,NULL
917138820755185664,Sun Oct 08 21:25:09 +0000 2017,"<a href=""http://twitter.com/download/iphone"" rel=""nofollow"">Twitter for iPhone</a>",False,0,"{""text"":""DJ Khaled &amp; Asahd at the BET Hip Hop Awards https://t.co/Ntt3otOAmM"",""user"":{""screen_name"":""rapspotlights"",""name"":""Rap Spotlights""}}","{""urls"":[],""user_mentions"":[{""screen_name"":""rapspotlights"",""name"":""Rap Spotlights""}],""hashtags"":[]}",RT @rapspotlights: DJ Khaled &amp; Asahd at the BET Hip Hop Awards https://t.co/Ntt3otOAmM,"{""screen_name"":""yallovetoriaa"",""name"":""peanut butter💛"",""description"":""my brazy life 🥀"",""friends_count"":632,""followers_count"":417,""statuses_count"":15491,""verified"":false,""utc_offset"":null,""time_zone"":null}",NULL,NULL
917138854590722050,Sun Oct 08 21:25:17 +0000 2017,"<a href=""https://airtime.pro"" rel=""nofollow"">Airtime Pro</a>",False,0,NULL,"{""urls"":[{""expanded_url"":""http://richiedofficial.radio.net""},{""expanded_url"":""http://richiedofficial.com""}],""user_mentions"":[],""hashtags"":[{""text"":""NowPlaying""}]}","#NowPlaying  I'm The One ft. Justin Bieber, Lil Wayne by DJ Khaled! Listen live here: https://t.co/uyaRc3OHZu https://t.co/Yd7gMzAEHj","{""screen_name"":""RichieDOfficial"",""name"":""RichieDOfficialNP"",""description"":""http://www.richiedofficial.com is a Dance-House-R&B-OldSkool Worldwide Radio Station. Listen online and on your mobiles http://RichieDOfficial.com #NowPlaying"",""friends_count"":497,""followers_count"":241,""statuses_count"":65859,""verified"":false,""utc_offset"":3600,""time_zone"":""London""}",NULL,NULL
917138897053913089,Sun Oct 08 21:25:27 +0000 2017,"<a href=""http://twitter.com/download/android"" rel=""nofollow"">Twitter for Android</a>",False,0,"{""text"":""DJ Khaled &amp; Asahd at the BET Hip Hop Awards https://t.co/Ntt3otOAmM"",""user"":{""screen_name"":""rapspotlights"",""name"":""Rap Spotlights""}}","{""urls"":[],""user_mentions"":[{""screen_name"":""rapspotlights"",""name"":""Rap Spotlights""}],""hashtags"":[]}",RT @rapspotlights: DJ Khaled &amp; Asahd at the BET Hip Hop Awards https://t.co/Ntt3otOAmM,"{""screen_name"":""SbuQwane"",""name"":""Sbu"",""description"":null,""friends_count"":488,""followers_count"":498,""statuses_count"":7878,""verified"":false,""utc_offset"":null,""time_zone"":null}",NULL,NULL
917139060577177600,Sun Oct 08 21:26:06 +0000 2017,"<a href=""http://www.google.com/"" rel=""nofollow"">Google</a>",False,0,NULL,"{""urls"":[{""expanded_url"":""http://youtu.be/fyaI4-5849w?a""}],""user_mentions"":[{""screen_name"":""YouTube"",""name"":""YouTube""}],""hashtags"":[]}","I added a video to a @YouTube playlist https://t.co/Fg5EEf9Cqr DJ Khaled - Wild Thoughts ft. Rihanna, Bryson Tiller","{""screen_name"":""Bron_Mitchell"",""name"":""No One"",""description"":""Mum, writer, thespian, cosplayer, geek, faerie, facepainter. Aussie. Life is messy & I'm healing out loud. No hearts & flowers here. Gloriously inappropriate."",""friends_count"":838,""followers_count"":1638,""statuses_count"":48823,""verified"":false,""utc_offset"":39600,""time_zone"":""Sydney""}",NULL,NULL
917139095561924609,Sun Oct 08 21:26:14 +0000 2017,"<a href=""http://twitter.com/download/iphone"" rel=""nofollow"">Twitter for iPhone</a>",False,0,"{""text"":""DJ Khaled &amp; Asahd at the BET Hip Hop Awards https://t.co/Ntt3otOAmM"",""user"":{""screen_name"":""rapspotlights"",""name"":""Rap Spotlights""}}","{""urls"":[],""user_mentions"":[{""screen_name"":""rapspotlights"",""name"":""Rap Spotlights""}],""hashtags"":[]}",RT @rapspotlights: DJ Khaled &amp; Asahd at the BET Hip Hop Awards https://t.co/Ntt3otOAmM,"{""screen_name"":""Chuck_mate_"",""name"":""My Coop & Carr Broke"",""description"":""You was who you was before you got here.  Romans 12:18 1904.1906.1925"",""friends_count"":1298,""followers_count"":1699,""statuses_count"":207801,""verified"":false,""utc_offset"":-14400,""time_zone"":""Eastern Time (US & Canada)""}",NULL,NULL
917139126423556096,Sun Oct 08 21:26:22 +0000 2017,"<a href=""http://www.autopo.st"" rel=""nofollow"">@101kdrs</a>",False,0,NULL,"{""urls"":[{""expanded_url"":""http://kdrsonline.com""}],""user_mentions"":[],""hashtags"":[{""text"":""NowPlaying""},{""text"":""listen""}]}",#NowPlaying I'm The One by DJ Khaled / Justin Bieber / Quavo / Chance The Rapper / Lil Wayne #listen at https://t.co/RGN0Gpaxia,"{""screen_name"":""101Kdrs"",""name"":""KDRS Playlist"",""description"":""More Music, Less Of Everything Else! Tune in anytime at https://t.co/pdpuEGRBpf Follow our other account for station info. @1019kdrs *Not Every Song Played Is Tweeted*"",""friends_count"":836,""followers_count"":580,""statuses_count"":216843,""verified"":false,""utc_offset"":null,""time_zone"":null}",NULL,NULL
917139224406654976,Sun Oct 08 21:26:45 +0000 2017,"<a href=""http://twitter.com/download/iphone"" rel=""nofollow"">Twitter for iPhone</a>",False,0,"{""text"":""DJ khaled: \""therez MJ n therez CHRIS BROWN , that's just facts\""\n #welcometomylife...yay💃finally watching it"",""user"":{""screen_name"":""miss_tashaban"",""name"":""natasha""}}","{""urls"":[],""user_mentions"":[{""screen_name"":""miss_tashaban"",""name"":""natasha""}],""hashtags"":[{""text"":""welcometomylife""}]}","RT @miss_tashaban: DJ khaled: ""therez MJ n therez CHRIS BROWN , that's just facts""
 #welcometomylife...yay💃finally watching it","{""screen_name"":""KenzaTB"",""name"":""Team breezy"",""description"":""#GrassAintGreener, #Party, #Privacy , #PillsAndAutomobiles & #Questions is out now!! #HeartBreakOnAFullMoon is dropping Oct 31!💔🌕"",""friends_count"":48,""followers_count"":443,""statuses_count"":20881,""verified"":false,""utc_offset"":null,""time_zone"":null}",NULL,NULL
917139678133932033,Sun Oct 08 21:28:33 +0000 2017,"<a href=""http://twitter.com/download/iphone"" rel=""nofollow"">Twitter for iPhone</a>",False,0,"{""text"":""DJ Khaled &amp; Asahd at the BET Hip Hop Awards https://t.co/Ntt3otOAmM"",""user"":{""screen_name"":""rapspotlights"",""name"":""Rap Spotlights""}}","{""urls"":[],""user_mentions"":[{""screen_name"":""rapspotlights"",""name"":""Rap Spotlights""}],""hashtags"":[]}",RT @rapspotlights: DJ Khaled &amp; Asahd at the BET Hip Hop Awards https://t.co/Ntt3otOAmM,"{""screen_name"":""Obey_Layy"",""name"":""lay money 💸"",""description"":""StocktonU '21"",""friends_count"":889,""followers_count"":1141,""statuses_count"":34500,""verified"":false,""utc_offset"":-10800,""time_zone"":""Atlantic Time (Canada)""}",NULL,NULL
917139942882635776,Sun Oct 08 21:29:36 +0000 2017,"<a href=""http://twitter.com/download/android"" rel=""nofollow"">Twitter for Android</a>",False,0,"{""text"":""Another one!\n *DJ Khaled voice* https://t.co/4amJ1NFlZ3"",""user"":{""screen_name"":""Panthers"",""name"":""Carolina Panthers""}}","{""urls"":[],""user_mentions"":[{""screen_name"":""Panthers"",""name"":""Carolina Panthers""}],""hashtags"":[]}","RT @Panthers: Another one!
 *DJ Khaled voice* https://t.co/4amJ1NFlZ3","{""screen_name"":""Loveme_Someme20"",""name"":""Santario Alston ♒"",""description"":null,""friends_count"":302,""followers_count"":230,""statuses_count"":6618,""verified"":false,""utc_offset"":-14400,""time_zone"":""Eastern Time (US & Canada)""}",NULL,NULL
917139966622339077,Sun Oct 08 21:29:42 +0000 2017,"<a href=""http://twitter.com/download/android"" rel=""nofollow"">Twitter for Android</a>",False,0,NULL,"{""urls"":[{""expanded_url"":""https://twitter.com/rapspotlights/status/916501499290591232""}],""user_mentions"":[],""hashtags"":[]}",Bro y'all see this kid https://t.co/8n6UUugRmK,"{""screen_name"":""oso_smokiiie"",""name"":""OSo_$mokiiiE"",""description"":""Houston strong 💪"",""friends_count"":546,""followers_count"":380,""statuses_count"":11348,""verified"":false,""utc_offset"":-25200,""time_zone"":""Pacific Time (US & Canada)""}",NULL,NULL
917139979003764736,Sun Oct 08 21:29:45 +0000 2017,"<a href=""http://twitter.com/download/iphone"" rel=""nofollow"">Twitter for iPhone</a>",False,0,NULL,"{""urls"":[],""user_mentions"":[],""hashtags"":[]}","Dj Khaled on a jetski night be the funniest thing I've seen.... ""billi's home!!!"" Head ahh!","{""screen_name"":""_YoSoy_Touki"",""name"":""Touki Toussaint™"",""description"":""RHP in the Atlanta Braves Organization | Walk by faith..."",""friends_count"":349,""followers_count"":9846,""statuses_count"":11731,""verified"":true,""utc_offset"":-10800,""time_zone"":""Atlantic Time (Canada)""}",NULL,NULL
917140136734818304,Sun Oct 08 21:30:22 +0000 2017,"<a href=""http://twitter.com/download/iphone"" rel=""nofollow"">Twitter for iPhone</a>",False,0,NULL,"{""urls"":[],""user_mentions"":[],""hashtags"":[]}","Dj Khaled on a jetski might be the funniest thing I've seen.... ""billi's home!!!"" Head ahh!","{""screen_name"":""_YoSoy_Touki"",""name"":""Touki Toussaint™"",""description"":""RHP in the Atlanta Braves Organization | Walk by faith..."",""friends_count"":349,""followers_count"":9845,""statuses_count"":11731,""verified"":true,""utc_offset"":-10800,""time_zone"":""Atlantic Time (Canada)""}",NULL,NULL
917140175972634625,Sun Oct 08 21:30:32 +0000 2017,"<a href=""http://twitter.com/download/iphone"" rel=""nofollow"">Twitter for iPhone</a>",False,0,NULL,"{""urls"":[],""user_mentions"":[],""hashtags"":[]}",I just want somebody to look at me and love me the same way DJ Khaled do his son.. 😔😔😔😂😂,"{""screen_name"":""NikeIsMyLogo23"",""name"":""💰Von Von 😎"",""description"":""Heart throb? Never! - Black and ugly as ever! However , I stay Nike down to the socks |Retweet My Likes|#CelticsNation ☘️ #Cowboynation"",""friends_count"":7760,""followers_count"":16609,""statuses_count"":49056,""verified"":false,""utc_offset"":-10800,""time_zone"":""Atlantic Time (Canada)""}",NULL,NULL
917140220918861825,Sun Oct 08 21:30:42 +0000 2017,"<a href=""http://twitter.com"" rel=""nofollow"">Twitter Web Client</a>",False,0,"{""text"":""I really hope that wasn’t Arabic that DJ Khaled was trying to speak at the end. https://t.co/Mrg9U0OtEn"",""user"":{""screen_name"":""OmgItsFawzieh"",""name"":""Fawzieh🇵🇸""}}","{""urls"":[],""user_mentions"":[{""screen_name"":""OmgItsFawzieh"",""name"":""Fawzieh🇵🇸""}],""hashtags"":[]}",RT @OmgItsFawzieh: I really hope that wasn’t Arabic that DJ Khaled was trying to speak at the end. https://t.co/Mrg9U0OtEn,"{""screen_name"":""GoonerBasel"",""name"":""Basel Mohab"",""description"":""Supporter of the biggest bottlers in world football. Send help."",""friends_count"":390,""followers_count"":275,""statuses_count"":48715,""verified"":false,""utc_offset"":7200,""time_zone"":""Prague""}",NULL,NULL
917140247821082626,Sun Oct 08 21:30:49 +0000 2017,"<a href=""http://twitter.com/download/android"" rel=""nofollow"">Twitter for Android</a>",False,0,"{""text"":""DJ Khaled &amp; Asahd at the BET Hip Hop Awards https://t.co/Ntt3otOAmM"",""user"":{""screen_name"":""rapspotlights"",""name"":""Rap Spotlights""}}","{""urls"":[],""user_mentions"":[{""screen_name"":""rapspotlights"",""name"":""Rap Spotlights""}],""hashtags"":[]}",RT @rapspotlights: DJ Khaled &amp; Asahd at the BET Hip Hop Awards https://t.co/Ntt3otOAmM,"{""screen_name"":""WaleAfc"",""name"":""Wale"",""description"":""#Nigerian #Gooner #COYG #Islam #PeaceXJusticeForTheWorld #HustleGang #BankRollMafia\r\n@ me if I haven't followed back yet"",""friends_count"":242,""followers_count"":1911,""statuses_count"":69584,""verified"":false,""utc_offset"":3600,""time_zone"":""West Central Africa""}",NULL,NULL
917140309397594112,Sun Oct 08 21:31:04 +0000 2017,"<a href=""http://www.kfsmradio.net"" rel=""nofollow"">KFSM Radio</a>",False,0,NULL,"{""urls"":[{""expanded_url"":""http://www.kfsmradio.net""}],""user_mentions"":[{""screen_name"":""djkhaled"",""name"":""DJ KHALED""}],""hashtags"":[{""text"":""NowPlaying""}]}",#NowPlaying DJ Khaled - @djkhaled I'm On One :: Tune In: https://t.co/9DatBtw16L,"{""screen_name"":""KFSMRadio1"",""name"":""TheKfsmRadionetwork"",""description"":""Home of 2.3 million listeners"",""friends_count"":381,""followers_count"":86,""statuses_count"":18309,""verified"":false,""utc_offset"":null,""time_zone"":null}",NULL,NULL
917140409431846915,Sun Oct 08 21:31:27 +0000 2017,"<a href=""https://ifttt.com"" rel=""nofollow"">IFTTT</a>",False,0,NULL,"{""urls"":[{""expanded_url"":""http://ift.tt/2kyrUqv""}],""user_mentions"":[],""hashtags"":[]}",DJ Khaled: “Life Every Day Inspires Me”: https://t.co/6FxggshykG,"{""screen_name"":""PopMusicFeed"",""name"":""Pop Music Feed"",""description"":""A non-stop faucet of breaking Pop Music Headlines and News. (alerts from hundreds of sources.) For real, over 100k tweets. Can you handle it? Run by @CageShow"",""friends_count"":2,""followers_count"":121,""statuses_count"":107180,""verified"":false,""utc_offset"":null,""time_zone"":null}",NULL,NULL
917140545515929600,Sun Oct 08 21:32:00 +0000 2017,"<a href=""http://twitter.com"" rel=""nofollow"">Twitter Web Client</a>",False,0,NULL,"{""urls"":[{""expanded_url"":""https://youtu.be/Ldo63KIKwqE""}],""user_mentions"":[{""screen_name"":""YouTube"",""name"":""YouTube""}],""hashtags"":[]}","DJ Khaled - I'm the One ft. Justin Bieber, Quavo, Chance the Rapper, Lil... https://t.co/7APZBYmJRB via @YouTube","{""screen_name"":""NatalieCoin"",""name"":""Natalie Coin"",""description"":null,""friends_count"":146,""followers_count"":13,""statuses_count"":67,""verified"":false,""utc_offset"":null,""time_zone"":null}",NULL,NULL
917141002892144641,Sun Oct 08 21:33:49 +0000 2017,"<a href=""http://twitter.com/download/iphone"" rel=""nofollow"">Twitter for iPhone</a>",False,0,"{""text"":""I just want somebody to look at me and love me the same way DJ Khaled do his son.. 😔😔😔😂😂"",""user"":{""screen_name"":""NikeIsMyLogo23"",""name"":""💰Von Von 😎""}}","{""urls"":[],""user_mentions"":[{""screen_name"":""NikeIsMyLogo23"",""name"":""💰Von Von 😎""}],""hashtags"":[]}",RT @NikeIsMyLogo23: I just want somebody to look at me and love me the same way DJ Khaled do his son.. 😔😔😔😂😂,"{""screen_name"":""_xiixxixc"",""name"":""ㅤмaмi ♕ ."",""description"":""⠀⠀ ⠀⠀⠀⠀ ⠀kyden 💙 • мoney вagg мaмi 💰 ."",""friends_count"":811,""followers_count"":2143,""statuses_count"":79623,""verified"":false,""utc_offset"":null,""time_zone"":null}",NULL,NULL
917141030666895361,Sun Oct 08 21:33:56 +0000 2017,"<a href=""http://twitter.com/download/iphone"" rel=""nofollow"">Twitter for iPhone</a>",False,0,NULL,"{""urls"":[],""user_mentions"":[],""hashtags"":[]}",Dj Khaled on his jet ski is my mood for life,"{""screen_name"":""bralynjesse"",""name"":""B R I T E"",""description"":""NSU18. #forevermoss"",""friends_count"":607,""followers_count"":543,""statuses_count"":15555,""verified"":false,""utc_offset"":-25200,""time_zone"":""Pacific Time (US & Canada)""}",NULL,NULL
917141062518484993,Sun Oct 08 21:34:03 +0000 2017,"<a href=""http://twitter.com/download/iphone"" rel=""nofollow"">Twitter for iPhone</a>",False,0,NULL,"{""urls"":[],""user_mentions"":[],""hashtags"":[]}",Dj khaled dance he be flung with his hands &amp; feet be cracking me tf up 😂😂😂😂😂😂🤦🏾‍♀️,"{""screen_name"":""Tyoulater"",""name"":""Tailar 🌹"",""description"":""7/23/17 ❤️👭 12/26/15 💛👶🏽     👻SC// calebmommyyyy 👻IG// __tailar"",""friends_count"":151,""followers_count"":130,""statuses_count"":2624,""verified"":false,""utc_offset"":null,""time_zone"":null}",NULL,NULL
917141073369141248,Sun Oct 08 21:34:06 +0000 2017,"<a href=""http://twitter.com/download/iphone"" rel=""nofollow"">Twitter for iPhone</a>",False,0,NULL,"{""urls"":[{""expanded_url"":""https://twitter.com/sidbhupinder/status/917114969891790849""}],""user_mentions"":[{""screen_name"":""Reality_Aqua"",""name"":""True Alpha""}],""hashtags"":[]}",@Reality_Aqua  https://t.co/gOVLG8pXAZ,"{""screen_name"":""SkipperTweets1"",""name"":""Skip Targaryen ⁶ひ"",""description"":""Live Right 2017 - Xbox (One) Gamertag - Reality Skipz...........Arsenal Break My Heart 💔"",""friends_count"":252,""followers_count"":535,""statuses_count"":18308,""verified"":false,""utc_offset"":null,""time_zone"":null}",Reality_Aqua,NULL
917141091056607232,Sun Oct 08 21:34:10 +0000 2017,"<a href=""http://twitter.com/#!/download/ipad"" rel=""nofollow"">Twitter for iPad</a>",False,0,"{""text"":""Another one *dj khaled voice #TD 🏈 https://t.co/hapoi5hOFr"",""user"":{""screen_name"":""Chozen0ne1"",""name"":""Jerrell Green""}}","{""urls"":[],""user_mentions"":[{""screen_name"":""Chozen0ne1"",""name"":""Jerrell Green""}],""hashtags"":[{""text"":""TD""}]}",RT @Chozen0ne1: Another one *dj khaled voice #TD 🏈 https://t.co/hapoi5hOFr,"{""screen_name"":""Jalen_Cook"",""name"":""J.Cook🍍"",""description"":""☯️PLS  🤷🏽‍♂️NAU"",""friends_count"":902,""followers_count"":1079,""statuses_count"":5106,""verified"":false,""utc_offset"":-25200,""time_zone"":""Arizona""}",NULL,NULL
917141180441382914,Sun Oct 08 21:34:31 +0000 2017,"<a href=""http://twitter.com/download/iphone"" rel=""nofollow"">Twitter for iPhone</a>",False,0,NULL,"{""urls"":[],""user_mentions"":[],""hashtags"":[]}",U ever watch DJ khaled dance in the I'm The One video. Like reealllyy watch him,"{""screen_name"":""BronwynPrice"",""name"":""bronwyn"",""description"":""bios r corny 🌞♉️🌜♉️💫♎️"",""friends_count"":508,""followers_count"":704,""statuses_count"":653,""verified"":false,""utc_offset"":-14400,""time_zone"":""Eastern Time (US & Canada)""}",NULL,NULL
917141265166323712,Sun Oct 08 21:34:51 +0000 2017,"<a href=""http://www.facebook.com/twitter"" rel=""nofollow"">Facebook</a>",False,0,NULL,"{""urls"":[{""expanded_url"":""http://fb.me/2frXKr2Bu""}],""user_mentions"":[],""hashtags"":[{""text"":""rickross""}]}","昨日からマイアミに来てるよ🌴
着いてすぐサウスビーチのクラブでRICK ROSSとDJ KHALEDのショーを観てきた
今日はフォートローダーデールのジュエリーショーで買付け
久しぶりのフロリダ最高☀️
#rickross... https://t.co/4mC0F91CVJ","{""screen_name"":""Kayzabro_DS455"",""name"":""Kayzabro"",""description"":""Rep that Yokohama Japan *************Facebook : Kayzabro DS455 *Booking :info@hoodsound.com"",""friends_count"":455,""followers_count"":10100,""statuses_count"":9806,""verified"":false,""utc_offset"":32400,""time_zone"":""Tokyo""}",NULL,NULL
917141303665688576,Sun Oct 08 21:35:01 +0000 2017,"<a href=""http://www.ajaymatharu.com/"" rel=""nofollow"">Tweet Old Post</a>",False,0,NULL,"{""urls"":[{""expanded_url"":""http://frezhmusic.com/?p=682""}],""user_mentions"":[],""hashtags"":[]}","Runtown ft. DJ Khaled – Money Bag Runtown collaborated with American DJ Khaled, to drop this smashing hit titl https://t.co/Nnvh5IyOR9","{""screen_name"":""frezhmusicng"",""name"":""frezhmusic"",""description"":""Frezh Music is a premier music and entertainment website. We provide you with the latest hits and videos straight from the entertainment industry."",""friends_count"":292,""followers_count"":369,""statuses_count"":11334,""verified"":false,""utc_offset"":null,""time_zone"":null}",NULL,NULL
917141385140211712,Sun Oct 08 21:35:20 +0000 2017,"<a href=""https://radio.co"" rel=""nofollow"">Radio.co now playing</a>",False,0,NULL,"{""urls"":[],""user_mentions"":[],""hashtags"":[]}",DJ Khaled - Shining ft. Beyonce &amp; Jay Z__AAC_128k,"{""screen_name"":""djinbeat"",""name"":""Dripdrop F.M 24."",""description"":""Hi I'm d.j in beat a qualified d.j and singer from Nottingham trying to get noticed. I've got my own radio station search Dripdrop F.M 24. on Facebook."",""friends_count"":81,""followers_count"":15,""statuses_count"":2343,""verified"":false,""utc_offset"":3600,""time_zone"":""London""}",NULL,NULL
917141403297251328,Sun Oct 08 21:35:24 +0000 2017,"<a href=""http://twitter.com/download/iphone"" rel=""nofollow"">Twitter for iPhone</a>",False,0,NULL,"{""urls"":[],""user_mentions"":[],""hashtags"":[]}",*dj Khaled voice* yes boy yes boy yes boy,"{""screen_name"":""Jdavila95"",""name"":""Janis"",""description"":""22 | utrgv"",""friends_count"":482,""followers_count"":1259,""statuses_count"":39972,""verified"":false,""utc_offset"":-14400,""time_zone"":""Eastern Time (US & Canada)""}",NULL,NULL
917141424021364737,Sun Oct 08 21:35:29 +0000 2017,"<a href=""https://www.socialoomph.com"" rel=""nofollow"">SocialOomph</a>",False,0,NULL,"{""urls"":[],""user_mentions"":[],""hashtags"":[{""text"":""bballvines""}]}",#bballvines DJ Khaled playing basketball is hilarious  https://t.co/JFl5ESKwFs,"{""screen_name"":""NBA_Mixes"",""name"":""NBA_Mixes"",""description"":""http://NBAMixes.com is home to everything in the world of NBA basketball. Business contact: admin@nbamixes.com"",""friends_count"":144552,""followers_count"":169101,""statuses_count"":779745,""verified"":false,""utc_offset"":10800,""time_zone"":""Kuwait""}",NULL,NULL
917141473736351744,Sun Oct 08 21:35:41 +0000 2017,"<a href=""http://www.echofon.com/"" rel=""nofollow"">Echofon</a>",False,0,"{""text"":""昨日からマイアミに来てるよ🌴\n着いてすぐサウスビーチのクラブでRICK ROSSとDJ KHALEDのショーを観てきた\n今日はフォートローダーデールのジュエリーショーで買付け\n久しぶりのフロリダ最高☀️\n#rickross... https://t.co/4mC0F91CVJ"",""user"":{""screen_name"":""Kayzabro_DS455"",""name"":""Kayzabro""}}","{""urls"":[],""user_mentions"":[{""screen_name"":""Kayzabro_DS455"",""name"":""Kayzabro""}],""hashtags"":[{""text"":""rickross""}]}","RT @Kayzabro_DS455: 昨日からマイアミに来てるよ🌴
着いてすぐサウスビーチのクラブでRICK ROSSとDJ KHALEDのショーを観てきた
今日はフォートローダーデールのジュエリーショーで買付け
久しぶりのフロリダ最高☀️
#rickross... http…","{""screen_name"":""DS455_official"",""name"":""DS455_official"",""description"":""DS455のオフィシャルアカウントとなります。 DS455の情報を提供いたします。"",""friends_count"":286,""followers_count"":6801,""statuses_count"":22742,""verified"":false,""utc_offset"":32400,""time_zone"":""Tokyo""}",NULL,NULL
917141562408296448,Sun Oct 08 21:36:02 +0000 2017,"<a href=""http://twitter.com/download/android"" rel=""nofollow"">Twitter for Android</a>",False,0,"{""text"":""Y’all want a 12 track album with 11 features... she ain’t DJ Khaled."",""user"":{""screen_name"":""hourgIassfigure"",""name"":""💜""}}","{""urls"":[],""user_mentions"":[{""screen_name"":""hourgIassfigure"",""name"":""💜""}],""hashtags"":[]}",RT @hourgIassfigure: Y’all want a 12 track album with 11 features... she ain’t DJ Khaled.,"{""screen_name"":""xJaukeTM"",""name"":""Jauke"",""description"":""I STAN FOR THE QUEEN OF RAP: NICKI MINAJ ♡ I saw my queen live 19/03/15 ♡ Nic liked my tweet 5/7/17 ♡ Nicki liked my insta comment 23/7/17 ♡ Barb since 2011 ♡"",""friends_count"":263,""followers_count"":2956,""statuses_count"":24018,""verified"":false,""utc_offset"":-25200,""time_zone"":""Pacific Time (US & Canada)""}",NULL,NULL
917141635561074688,Sun Oct 08 21:36:20 +0000 2017,"<a href=""http://www.google.com/"" rel=""nofollow"">Google</a>",False,0,NULL,"{""urls"":[{""expanded_url"":""http://youtu.be/fyaI4-5849w?a""}],""user_mentions"":[{""screen_name"":""YouTube"",""name"":""YouTube""}],""hashtags"":[]}","I added a video to a @YouTube playlist https://t.co/k111J3fD67 DJ Khaled - Wild Thoughts ft. Rihanna, Bryson Tiller","{""screen_name"":""music_clavier"",""name"":""clavier music"",""description"":""(clavier music) Order your own custom beats that best fit your style of music (reggae dance hall or hip hop).\nhttp://tunemonsta.com\n claviermusicman@gmail.com"",""friends_count"":12,""followers_count"":39,""statuses_count"":270,""verified"":false,""utc_offset"":null,""time_zone"":null}",NULL,NULL
917141636068540417,Sun Oct 08 21:36:20 +0000 2017,"<a href=""http://www.google.com/"" rel=""nofollow"">Google</a>",False,0,NULL,"{""urls"":[{""expanded_url"":""http://youtu.be/9AwZyktgGDo?a""}],""user_mentions"":[{""screen_name"":""YouTube"",""name"":""YouTube""}],""hashtags"":[]}",I liked a @YouTube video https://t.co/y5W0AP40AY DJ Khaled (Ft. Rihanna &amp; Bryson Tiller) | WILD THOUGHTS | Choreography - Michelle,"{""screen_name"":""CLASSICBBWQUEEN"",""name"":""Self Motivated BBW"",""description"":""A beautiful Big Black Woman doing my best to create an amazing and successful future for myself. #newjourney #impriority #youallwillsee"",""friends_count"":933,""followers_count"":444,""statuses_count"":1204,""verified"":false,""utc_offset"":-25200,""time_zone"":""Pacific Time (US & Canada)""}",NULL,NULL
917141668071038977,Sun Oct 08 21:36:27 +0000 2017,"<a href=""http://twitter.com/download/iphone"" rel=""nofollow"">Twitter for iPhone</a>",False,0,"{""text"":""I liked a @YouTube video https://t.co/LTsZp4B8n1 DJ Khaled - I'm the One ft. Justin Bieber, Quavo, Chance the Rapper, Lil Wayne"",""user"":{""screen_name"":""JChameleone"",""name"":""Jose Chameleone""}}","{""urls"":[{""expanded_url"":""http://youtu.be/weeI1G46q0o?a""}],""user_mentions"":[{""screen_name"":""JChameleone"",""name"":""Jose Chameleone""},{""screen_name"":""YouTube"",""name"":""YouTube""}],""hashtags"":[]}","RT @JChameleone: I liked a @YouTube video https://t.co/LTsZp4B8n1 DJ Khaled - I'm the One ft. Justin Bieber, Quavo, Chance the Rapper, Lil…","{""screen_name"":""Fatima47999406"",""name"":""Fatima"",""description"":""African"",""friends_count"":245,""followers_count"":2,""statuses_count"":174,""verified"":false,""utc_offset"":null,""time_zone"":null}",NULL,NULL
917141849743048704,Sun Oct 08 21:37:11 +0000 2017,"<a href=""http://twittbot.net/"" rel=""nofollow"">twittbot.net</a>",False,0,NULL,"{""urls"":[],""user_mentions"":[],""hashtags"":[]}",Fucker looks like a skinny DJ Khaled with an Afro,"{""screen_name"":""TheSandBot"",""name"":""matt.txt"",""description"":""you guys should follow @SandosaurousRex hes really funny and stuff"",""friends_count"":3,""followers_count"":39,""statuses_count"":8824,""verified"":false,""utc_offset"":null,""time_zone"":null}",NULL,NULL
917142070774530048,Sun Oct 08 21:38:04 +0000 2017,"<a href=""http://twitter.com/download/iphone"" rel=""nofollow"">Twitter for iPhone</a>",False,0,"{""text"":""Another one *dj khaled voice #TD 🏈 https://t.co/hapoi5hOFr"",""user"":{""screen_name"":""Chozen0ne1"",""name"":""Jerrell Green""}}","{""urls"":[],""user_mentions"":[{""screen_name"":""Chozen0ne1"",""name"":""Jerrell Green""}],""hashtags"":[{""text"":""TD""}]}",RT @Chozen0ne1: Another one *dj khaled voice #TD 🏈 https://t.co/hapoi5hOFr,"{""screen_name"":""QG__4"",""name"":""OCT. DEUCE DEUCE"",""description"":""NAU 🏈 '19| BMBG| R.I.P GRANNY| FREE C-NEDD| Phoenix College Alum| #JUCOPRODUCT| J.Y.G ❤️"",""friends_count"":1239,""followers_count"":1020,""statuses_count"":28140,""verified"":false,""utc_offset"":-25200,""time_zone"":""Pacific Time (US & Canada)""}",NULL,NULL
917142150680383488,Sun Oct 08 21:38:23 +0000 2017,"<a href=""http://twitter.com/download/android"" rel=""nofollow"">Twitter for Android</a>",False,0,"{""text"":""#bballvines DJ Khaled playing basketball is hilarious  https://t.co/JFl5ESKwFs"",""user"":{""screen_name"":""NBA_Mixes"",""name"":""NBA_Mixes""}}","{""urls"":[],""user_mentions"":[{""screen_name"":""NBA_Mixes"",""name"":""NBA_Mixes""}],""hashtags"":[{""text"":""bballvines""}]}",RT @NBA_Mixes: #bballvines DJ Khaled playing basketball is hilarious  https://t.co/JFl5ESKwFs,"{""screen_name"":""RajbhagwandinB"",""name"":""Raj bhagwandin"",""description"":""I am the realest"",""friends_count"":1664,""followers_count"":445,""statuses_count"":5047,""verified"":false,""utc_offset"":null,""time_zone"":null}",NULL,NULL
917142343609999360,Sun Oct 08 21:39:09 +0000 2017,"<a href=""http://twitter.com/download/iphone"" rel=""nofollow"">Twitter for iPhone</a>",False,0,"{""text"":""DJ Khaled &amp; Asahd at the BET Hip Hop Awards https://t.co/Ntt3otOAmM"",""user"":{""screen_name"":""rapspotlights"",""name"":""Rap Spotlights""}}","{""urls"":[],""user_mentions"":[{""screen_name"":""rapspotlights"",""name"":""Rap Spotlights""}],""hashtags"":[]}",RT @rapspotlights: DJ Khaled &amp; Asahd at the BET Hip Hop Awards https://t.co/Ntt3otOAmM,"{""screen_name"":""Shakiraaaaaa__"",""name"":""s.💓"",""description"":null,""friends_count"":789,""followers_count"":1561,""statuses_count"":147503,""verified"":false,""utc_offset"":-18000,""time_zone"":""Quito""}",NULL,NULL
917142433367912449,Sun Oct 08 21:39:30 +0000 2017,"<a href=""http://twitter.com/download/iphone"" rel=""nofollow"">Twitter for iPhone</a>",False,0,NULL,"{""urls"":[],""user_mentions"":[],""hashtags"":[]}",Another one ( Dj Khaled’s voice ) 😬😅😆,"{""screen_name"":""Lorenrz_"",""name"":""Lorenaa🤘🏻"",""description"":""SC: @lorennaruizz"",""friends_count"":1114,""followers_count"":723,""statuses_count"":40075,""verified"":false,""utc_offset"":-25200,""time_zone"":""Pacific Time (US & Canada)""}",NULL,"{""country"":""United States""}"
917142510534770688,Sun Oct 08 21:39:48 +0000 2017,"<a href=""http://www.Feed140.net"" rel=""nofollow"">feed_140</a>",False,0,NULL,"{""urls"":[],""user_mentions"":[],""hashtags"":[{""text"":""justinbieber""}]}",Shout out to Dj Drama Dj Khaled and Mi De-Westcoast  #justinbieber,"{""screen_name"":""Alicia_Maya1"",""name"":""aliciamaya"",""description"":null,""friends_count"":168,""followers_count"":7,""statuses_count"":291,""verified"":false,""utc_offset"":null,""time_zone"":null}",NULL,NULL
917142537797820416,Sun Oct 08 21:39:55 +0000 2017,"<a href=""http://twitter.com/download/iphone"" rel=""nofollow"">Twitter for iPhone</a>",False,0,"{""text"":""I just want somebody to look at me and love me the same way DJ Khaled do his son.. 😔😔😔😂😂"",""user"":{""screen_name"":""NikeIsMyLogo23"",""name"":""💰Von Von 😎""}}","{""urls"":[],""user_mentions"":[{""screen_name"":""NikeIsMyLogo23"",""name"":""💰Von Von 😎""}],""hashtags"":[]}",RT @NikeIsMyLogo23: I just want somebody to look at me and love me the same way DJ Khaled do his son.. 😔😔😔😂😂,"{""screen_name"":""Chenzzooo7"",""name"":""Terms and Conditions"",""description"":""#RunAsOne 🚀🏀 SOMD✈️JAX✈️H-Town"",""friends_count"":1423,""followers_count"":2417,""statuses_count"":21475,""verified"":false,""utc_offset"":-25200,""time_zone"":""Pacific Time (US & Canada)""}",NULL,NULL
917142693721014273,Sun Oct 08 21:40:32 +0000 2017,"<a href=""http://twitter.com/download/iphone"" rel=""nofollow"">Twitter for iPhone</a>",False,0,"{""text"":""I really hope that wasn’t Arabic that DJ Khaled was trying to speak at the end. https://t.co/Mrg9U0OtEn"",""user"":{""screen_name"":""OmgItsFawzieh"",""name"":""Fawzieh🇵🇸""}}","{""urls"":[],""user_mentions"":[{""screen_name"":""OmgItsFawzieh"",""name"":""Fawzieh🇵🇸""}],""hashtags"":[]}",RT @OmgItsFawzieh: I really hope that wasn’t Arabic that DJ Khaled was trying to speak at the end. https://t.co/Mrg9U0OtEn,"{""screen_name"":""namelesszain"",""name"":""زين"",""description"":""🇵🇸🇯🇴🇨🇦"",""friends_count"":112,""followers_count"":81,""statuses_count"":6082,""verified"":false,""utc_offset"":-14400,""time_zone"":""Eastern Time (US & Canada)""}",NULL,NULL
917142746699325440,Sun Oct 08 21:40:45 +0000 2017,"<a href=""https://mobile.twitter.com"" rel=""nofollow"">Twitter Lite</a>",False,0,NULL,"{""urls"":[],""user_mentions"":[{""screen_name"":""dallascowboys"",""name"":""Dallas Cowboys""},{""screen_name"":""DezBryant"",""name"":""Dez Bryant""}],""hashtags"":[]}",@dallascowboys @DezBryant Yes we the best in my DJ Khaled voice,"{""screen_name"":""SonyaDa78455912"",""name"":""Sonya Davis"",""description"":null,""friends_count"":42,""followers_count"":12,""statuses_count"":11,""verified"":false,""utc_offset"":null,""time_zone"":null}",dallascowboys,NULL
917142882238132224,Sun Oct 08 21:41:17 +0000 2017,"<a href=""http://winthecustomer.com/"" rel=""nofollow"">Win the Customer</a>",False,0,NULL,"{""urls"":[{""expanded_url"":""http://tinyurl.com/zwze4nm""}],""user_mentions"":[],""hashtags"":[]}",STEPH LECOR TALKS THE GRIND BEFORE DJ KHALED SIGNING HER https://t.co/cLbefJbqzE,"{""screen_name"":""FEMCEEDOTNET"",""name"":""FEMCEE.NET"",""description"":""A COMMUNITY FOR FEMALE ARTIST, PRODUCERS, SONGWRITERS, PUBLICIST & LABELS TO NETWORK WITH THE HOTTEST FEMALES IN THE GAME. submit music to femcee.net@gmail.com"",""friends_count"":148,""followers_count"":678,""statuses_count"":19356,""verified"":false,""utc_offset"":null,""time_zone"":null}",NULL,NULL
917143009770254336,Sun Oct 08 21:41:47 +0000 2017,"<a href=""https://radio.co"" rel=""nofollow"">Radio.co now playing</a>",False,0,NULL,"{""urls"":[],""user_mentions"":[],""hashtags"":[]}",DJ Khaled ft. Rihanna &amp; Bryson Tiller - Wild Thoughts (Dave Aude Remix),"{""screen_name"":""NRGradio345"",""name"":""NRGradio"",""description"":""Online Radio / email:nrgradioinfo@gmail.com / website: https://t.co/yN7fHUlGED | Download the App Available on Apple Store and google Play: NRGradio Cayman Islands"",""friends_count"":3085,""followers_count"":1368,""statuses_count"":103791,""verified"":false,""utc_offset"":-14400,""time_zone"":""Indiana (East)""}",NULL,NULL
917143058134765569,Sun Oct 08 21:41:59 +0000 2017,"<a href=""http://twitter.com/download/iphone"" rel=""nofollow"">Twitter for iPhone</a>",False,0,"{""text"":""Another one!\n *DJ Khaled voice* https://t.co/4amJ1NFlZ3"",""user"":{""screen_name"":""Panthers"",""name"":""Carolina Panthers""}}","{""urls"":[],""user_mentions"":[{""screen_name"":""Panthers"",""name"":""Carolina Panthers""}],""hashtags"":[]}","RT @Panthers: Another one!
 *DJ Khaled voice* https://t.co/4amJ1NFlZ3","{""screen_name"":""Southern_Alli"",""name"":""Allison R.🌻B.🌿"",""description"":""✞; Do'er. Thinker. All I've ever wanted to do was help people. Graduated as a Hilltopper. '17___ \""Connie\"", Valkyrie, RedDevil.⚪️💜💛❤️🖤"",""friends_count"":137,""followers_count"":121,""statuses_count"":660,""verified"":false,""utc_offset"":-10800,""time_zone"":""Atlantic Time (Canada)""}",NULL,NULL
917143108990758912,Sun Oct 08 21:42:11 +0000 2017,"<a href=""http://twitter.com/download/iphone"" rel=""nofollow"">Twitter for iPhone</a>",False,0,"{""text"":""I just want somebody to look at me and love me the same way DJ Khaled do his son.. 😔😔😔😂😂"",""user"":{""screen_name"":""NikeIsMyLogo23"",""name"":""💰Von Von 😎""}}","{""urls"":[],""user_mentions"":[{""screen_name"":""NikeIsMyLogo23"",""name"":""💰Von Von 😎""}],""hashtags"":[]}",RT @NikeIsMyLogo23: I just want somebody to look at me and love me the same way DJ Khaled do his son.. 😔😔😔😂😂,"{""screen_name"":""saucykaay"",""name"":""kaybree 🦁"",""description"":""idcc ."",""friends_count"":114,""followers_count"":185,""statuses_count"":4410,""verified"":false,""utc_offset"":null,""time_zone"":null}",NULL,NULL
917143289538633730,Sun Oct 08 21:42:54 +0000 2017,"<a href=""http://twitter.com/download/iphone"" rel=""nofollow"">Twitter for iPhone</a>",False,0,NULL,"{""urls"":[],""user_mentions"":[],""hashtags"":[]}",DJ Khaled's Dance Dance Revolution moves kill me every time💀💀💀💀💀 https://t.co/Ayk4lBnToW,"{""screen_name"":""_maakaveli"",""name"":""Meech"",""description"":""One Umbrella."",""friends_count"":388,""followers_count"":616,""statuses_count"":31851,""verified"":false,""utc_offset"":-25200,""time_zone"":""Pacific Time (US & Canada)""}",NULL,NULL
917143313874145280,Sun Oct 08 21:43:00 +0000 2017,"<a href=""http://bufferapp.com"" rel=""nofollow"">Buffer</a>",False,0,NULL,"{""urls"":[{""expanded_url"":""https://buff.ly/2y7LgI6""}],""user_mentions"":[{""screen_name"":""sytaylor"",""name"":""Simon Taylor""}],""hashtags"":[{""text"":""fintech""},{""text"":""startup""}]}","Ep. 14. Legitimising crypto exchanges &amp; ICOs: South Korea, Australia &amp; DJ Khaled... https://t.co/FVENwgPD28 #fintech #startup via @sytaylor","{""screen_name"":""fintech_Innov"",""name"":""Future Of Money"",""description"":""Latest News about #fintech #startups & #innovation and #disruption of the banking industry. Curated by top 100 experts in #fintech; powered by Faveeo Horizons."",""friends_count"":2684,""followers_count"":5144,""statuses_count"":13185,""verified"":false,""utc_offset"":null,""time_zone"":null}",NULL,NULL
917143382027329537,Sun Oct 08 21:43:16 +0000 2017,"<a href=""http://twitter.com/download/iphone"" rel=""nofollow"">Twitter for iPhone</a>",False,0,"{""text"":""Y’all want a 12 track album with 11 features... she ain’t DJ Khaled."",""user"":{""screen_name"":""hourgIassfigure"",""name"":""💜""}}","{""urls"":[],""user_mentions"":[{""screen_name"":""hourgIassfigure"",""name"":""💜""}],""hashtags"":[]}",RT @hourgIassfigure: Y’all want a 12 track album with 11 features... she ain’t DJ Khaled.,"{""screen_name"":""DaveyonMinaj"",""name"":""King Ari B."",""description"":""Jamar's Prince. 🦄 A delicious looking bitch. Hat Trick (Remix) is now on SoundCloud! http://SoundCloud.com/aricelli/htrmx"",""friends_count"":967,""followers_count"":5014,""statuses_count"":231958,""verified"":false,""utc_offset"":-21600,""time_zone"":""Mountain Time (US & Canada)""}",NULL,NULL
917143389342138369,Sun Oct 08 21:43:18 +0000 2017,"<a href=""http://www.google.com/"" rel=""nofollow"">Google</a>",False,0,NULL,"{""urls"":[{""expanded_url"":""http://youtu.be/fyaI4-5849w?a""}],""user_mentions"":[{""screen_name"":""YouTube"",""name"":""YouTube""}],""hashtags"":[]}","أضفت فيديو إلى قائمة تشغيل @YouTube على https://t.co/6Swgrpvgzb DJ Khaled - Wild Thoughts ft. Rihanna, Bryson","{""screen_name"":""RedMusicLife"",""name"":""#RedMusicWorld"",""description"":""Become A #Featured artist! Ask about are Featured Package!! https://www.facebook.com/RedMusicWorld"",""friends_count"":1634,""followers_count"":564,""statuses_count"":6119,""verified"":false,""utc_offset"":-21600,""time_zone"":""Mazatlan""}",NULL,NULL
917143434439180288,Sun Oct 08 21:43:29 +0000 2017,"<a href=""http://twitter.com/download/android"" rel=""nofollow"">Twitter for Android</a>",False,0,"{""text"":""Another one *dj khaled voice #TD 🏈 https://t.co/hapoi5hOFr"",""user"":{""screen_name"":""Chozen0ne1"",""name"":""Jerrell Green""}}","{""urls"":[],""user_mentions"":[{""screen_name"":""Chozen0ne1"",""name"":""Jerrell Green""}],""hashtags"":[{""text"":""TD""}]}",RT @Chozen0ne1: Another one *dj khaled voice #TD 🏈 https://t.co/hapoi5hOFr,"{""screen_name"":""chuck_verdee"",""name"":""Chuck Verde"",""description"":""And we're back . . .\nhttp://m.soundcloud.com/pjpk93lhwxed\nhttp://m.soundcloud.com/cozgreen"",""friends_count"":141,""followers_count"":294,""statuses_count"":12982,""verified"":false,""utc_offset"":null,""time_zone"":null}",NULL,NULL
917143486226468871,Sun Oct 08 21:43:41 +0000 2017,"<a href=""http://no-comp.net"" rel=""nofollow"">twitbotnocomp</a>",False,0,"{""text"":""Ep. 14. Legitimising crypto exchanges &amp; ICOs: South Korea, Australia &amp; DJ Khaled... https://t.co/FVENwgPD28 #fintech #startup via @sytaylor"",""user"":{""screen_name"":""fintech_Innov"",""name"":""Future Of Money""}}","{""urls"":[{""expanded_url"":""https://buff.ly/2y7LgI6""}],""user_mentions"":[{""screen_name"":""fintech_Innov"",""name"":""Future Of Money""}],""hashtags"":[{""text"":""fintech""}]}","RT @fintech_Innov: Ep. 14. Legitimising crypto exchanges &amp; ICOs: South Korea, Australia &amp; DJ Khaled... https://t.co/FVENwgPD28 #fintech #st…","{""screen_name"":""nocomp"",""name"":""nocomp"",""description"":""* Drone UAV & Rov Evangelist Drone Races Organisation & Race Director *  #DroneRacing GodFather #Android #hacking #rtlsdr Geek life * creator of #ShackBox"",""friends_count"":1194,""followers_count"":2688,""statuses_count"":104781,""verified"":false,""utc_offset"":null,""time_zone"":null}",NULL,NULL
917143947746693120,Sun Oct 08 21:45:31 +0000 2017,"<a href=""https://radio.co"" rel=""nofollow"">Radio.co now playing</a>",False,0,NULL,"{""urls"":[],""user_mentions"":[],""hashtags"":[]}",DJ Khaled &amp; Calvin Harris ft Travis Scott &amp; Jeremih - Dont Quit (Snip Hitz) (Clean),"{""screen_name"":""AmarachiBub"",""name"":""AmarachiRadio"",""description"":""http://amarachiradio.com"",""friends_count"":1007,""followers_count"":922,""statuses_count"":31457,""verified"":false,""utc_offset"":-14400,""time_zone"":""Eastern Time (US & Canada)""}",NULL,NULL
917143994483830784,Sun Oct 08 21:45:42 +0000 2017,"<a href=""http://twitter.com/download/iphone"" rel=""nofollow"">Twitter for iPhone</a>",False,0,"{""text"":""DJ Khaled talks about bein down with Kanye from the start, breakin Ye's first record on the radio, and Kanye paying… https://t.co/14iLQpnBl4"",""user"":{""screen_name"":""kanye_bars"",""name"":""Kanye bars""}}","{""urls"":[],""user_mentions"":[{""screen_name"":""kanye_bars"",""name"":""Kanye bars""}],""hashtags"":[]}","RT @kanye_bars: DJ Khaled talks about bein down with Kanye from the start, breakin Ye's first record on the radio, and Kanye paying… ","{""screen_name"":""tcopeland310"",""name"":""TC 🇺🇸⚓️"",""description"":""US Navy Corpsman. 🇺🇸★★★★★▄▄▄▄▄▄▄▄▄▄ ★★★★★▄▄▄▄▄▄▄▄▄▄ ★★★★★▄▄▄▄▄▄▄▄▄▄ ▄▄▄▄▄▄▄▄▄▄▄▄▄▄▄ ▄▄▄▄▄▄▄▄▄▄▄▄▄▄▄ ▄▄▄▄▄▄▄▄▄▄▄▄▄▄▄"",""friends_count"":331,""followers_count"":352,""statuses_count"":9727,""verified"":false,""utc_offset"":null,""time_zone"":null}",NULL,NULL
917144063903719424,Sun Oct 08 21:45:59 +0000 2017,"<a href=""http://twitter.com/download/android"" rel=""nofollow"">Twitter for Android</a>",False,0,NULL,"{""urls"":[],""user_mentions"":[],""hashtags"":[]}",DJ KHALED ACABA DE PASAR CON SU MOTO ACUÁTICA HACE 2 MINUTOS,"{""screen_name"":""_maferzuela"",""name"":""slutty mafer costume"",""description"":""no me gusta el algodón de azúcar"",""friends_count"":840,""followers_count"":498,""statuses_count"":19579,""verified"":false,""utc_offset"":-18000,""time_zone"":""Quito""}",NULL,NULL
917144103460229121,Sun Oct 08 21:46:08 +0000 2017,"<a href=""http://twitter.com/download/iphone"" rel=""nofollow"">Twitter for iPhone</a>",False,0,"{""text"":""DJ Khaled and his wife Cardi B with their baby boy Ashad https://t.co/g4A768FAUz"",""user"":{""screen_name"":""abdallah_tpain"",""name"":""Abdallah Tpain""}}","{""urls"":[{""expanded_url"":""https://twitter.com/FemaleRapRadar/status/916647097054695424""}],""user_mentions"":[{""screen_name"":""abdallah_tpain"",""name"":""Abdallah Tpain""}],""hashtags"":[]}",RT @abdallah_tpain: DJ Khaled and his wife Cardi B with their baby boy Ashad https://t.co/g4A768FAUz,"{""screen_name"":""_barbie___nicki"",""name"":""barbie nicki❤️"",""description"":""I lost my old account, but I'm back to the despair of some !!!!"",""friends_count"":123,""followers_count"":7,""statuses_count"":42,""verified"":false,""utc_offset"":null,""time_zone"":null}",NULL,NULL
917144429319852034,Sun Oct 08 21:47:26 +0000 2017,"<a href=""http://www.securenetsystems.net"" rel=""nofollow"">Securenet Systems Radio Playlist Update</a>",False,0,NULL,"{""urls"":[{""expanded_url"":""http://rdo.to/CYPH""}],""user_mentions"":[{""screen_name"":""kenspellman"",""name"":""Ken Spellman""}],""hashtags"":[{""text"":""CYPH""},{""text"":""RAP""},{""text"":""HIPHOP""}]}","DJ KHALED F. JUSTIN BIEBER, QUAVO, CHANCE THE RAPP - I'm The One https://t.co/DPCrBtnRLM @kenspellman #CYPH #RAP #HIPHOP","{""screen_name"":""kenspellman"",""name"":""Ken Spellman"",""description"":""Ken Spellman-Soundcheck Media Group/ Soundcheck iRadio Network. Broadcast Consultant-Distribution-Radio."",""friends_count"":2144,""followers_count"":2160,""statuses_count"":1051086,""verified"":false,""utc_offset"":-14400,""time_zone"":""Eastern Time (US & Canada)""}",NULL,NULL
917144688104280065,Sun Oct 08 21:48:28 +0000 2017,"<a href=""http://twitter.com/download/iphone"" rel=""nofollow"">Twitter for iPhone</a>",False,0,"{""text"":""Selena Gomez, Marc Anthony, DJ Khaled &amp; More Lined Up For 'Somos Live!' Benefit Show. https://t.co/UxCUmPW1NT https://t.co/9aBWj0bFQY"",""user"":{""screen_name"":""Power1051"",""name"":""Power 105.1""}}","{""urls"":[{""expanded_url"":""http://bit.ly/2hSxXW2""}],""user_mentions"":[{""screen_name"":""Power1051"",""name"":""Power 105.1""}],""hashtags"":[]}","RT @Power1051: Selena Gomez, Marc Anthony, DJ Khaled &amp; More Lined Up For 'Somos Live!' Benefit Show. https://t.co/UxCUmPW1NT https://t.co/9…","{""screen_name"":""girlbakespiesri"",""name"":""@girlbakespiesri"",""description"":null,""friends_count"":622,""followers_count"":473,""statuses_count"":36257,""verified"":false,""utc_offset"":null,""time_zone"":null}",NULL,NULL
917144689433645056,Sun Oct 08 21:48:28 +0000 2017,"<a href=""http://twitter.com/download/iphone"" rel=""nofollow"">Twitter for iPhone</a>",False,0,"{""text"":""Another one ( Dj Khaled’s voice ) 😬😅😆"",""user"":{""screen_name"":""Lorenrz_"",""name"":""Lorenaa🤘🏻""}}","{""urls"":[],""user_mentions"":[{""screen_name"":""Lorenrz_"",""name"":""Lorenaa🤘🏻""}],""hashtags"":[]}",RT @Lorenrz_: Another one ( Dj Khaled’s voice ) 😬😅😆,"{""screen_name"":""ambssnicolee"",""name"":""Amber Nelson"",""description"":""J❣️Noah👶🏻💞"",""friends_count"":26,""followers_count"":37,""statuses_count"":707,""verified"":false,""utc_offset"":null,""time_zone"":null}",NULL,NULL
917144694064283648,Sun Oct 08 21:48:29 +0000 2017,"<a href=""http://twitter.com/download/android"" rel=""nofollow"">Twitter for Android</a>",False,0,NULL,"{""urls"":[],""user_mentions"":[],""hashtags"":[]}",És tipo Dj Khaled sempre que te vejo estás com another one,"{""screen_name"":""milene_rebelo"",""name"":""Milene"",""description"":""16 anos, Terceira-Açores\n09/07/2016 🐧💘"",""friends_count"":75,""followers_count"":127,""statuses_count"":2117,""verified"":false,""utc_offset"":null,""time_zone"":null}",NULL,NULL
917144714041790469,Sun Oct 08 21:48:34 +0000 2017,"<a href=""http://twitter.com/download/iphone"" rel=""nofollow"">Twitter for iPhone</a>",False,0,NULL,"{""urls"":[],""user_mentions"":[],""hashtags"":[]}","DJ Khaled- I’m the One ft. Justin Bieber, Quavo, Chance the Rapper, Lil Wayne https://t.co/QOYDmC0x0V","{""screen_name"":""AgustinKarev_"",""name"":""agu"",""description"":""@marcosxagustin 1106 y @leilabrauer 1211"",""friends_count"":612,""followers_count"":1391,""statuses_count"":16858,""verified"":false,""utc_offset"":-25200,""time_zone"":""Pacific Time (US & Canada)""}",AgustinKarev_,NULL
917145089356509185,Sun Oct 08 21:50:03 +0000 2017,"<a href=""http://www.google.com/"" rel=""nofollow"">Google</a>",False,0,NULL,"{""urls"":[{""expanded_url"":""http://youtu.be/qNpeg7BJ90M?a""}],""user_mentions"":[{""screen_name"":""YouTube"",""name"":""YouTube""}],""hashtags"":[]}","I liked a @YouTube video https://t.co/WZ47DFmm5K INSIDE DJ KHALED 10,000,000 $ MANSION !!","{""screen_name"":""Kandelrosan37"",""name"":""Roshan Kandel"",""description"":null,""friends_count"":90,""followers_count"":136,""statuses_count"":425,""verified"":false,""utc_offset"":20700,""time_zone"":""Kathmandu""}",NULL,NULL
917145125729570816,Sun Oct 08 21:50:12 +0000 2017,"<a href=""https://about.twitter.com/products/tweetdeck"" rel=""nofollow"">TweetDeck</a>",False,0,"{""text"":""I swear if Drake and DJ Khaled did the fusion dance it would make Nav https://t.co/3TzkRqXYmh"",""user"":{""screen_name"":""Tzonick"",""name"":""King 🅥""}}","{""urls"":[],""user_mentions"":[{""screen_name"":""Tzonick"",""name"":""King 🅥""}],""hashtags"":[]}",RT @Tzonick: I swear if Drake and DJ Khaled did the fusion dance it would make Nav https://t.co/3TzkRqXYmh,"{""screen_name"":""fend"",""name"":""☽"",""description"":""The world is the canvas to my imagination."",""friends_count"":0,""followers_count"":49613,""statuses_count"":947,""verified"":false,""utc_offset"":-25200,""time_zone"":""Pacific Time (US & Canada)""}",NULL,NULL
917145128472637440,Sun Oct 08 21:50:13 +0000 2017,"<a href=""https://about.twitter.com/products/tweetdeck"" rel=""nofollow"">TweetDeck</a>",False,0,"{""text"":""I swear if Drake and DJ Khaled did the fusion dance it would make Nav https://t.co/3TzkRqXYmh"",""user"":{""screen_name"":""Tzonick"",""name"":""King 🅥""}}","{""urls"":[],""user_mentions"":[{""screen_name"":""Tzonick"",""name"":""King 🅥""}],""hashtags"":[]}",RT @Tzonick: I swear if Drake and DJ Khaled did the fusion dance it would make Nav https://t.co/3TzkRqXYmh,"{""screen_name"":""CoupIeGoalls"",""name"":""snap:Fvckmomo"",""description"":null,""friends_count"":0,""followers_count"":25605,""statuses_count"":120,""verified"":false,""utc_offset"":null,""time_zone"":null}",NULL,NULL
917145131786162176,Sun Oct 08 21:50:13 +0000 2017,"<a href=""https://about.twitter.com/products/tweetdeck"" rel=""nofollow"">TweetDeck</a>",False,0,"{""text"":""I swear if Drake and DJ Khaled did the fusion dance it would make Nav https://t.co/3TzkRqXYmh"",""user"":{""screen_name"":""Tzonick"",""name"":""King 🅥""}}","{""urls"":[],""user_mentions"":[{""screen_name"":""Tzonick"",""name"":""King 🅥""}],""hashtags"":[]}",RT @Tzonick: I swear if Drake and DJ Khaled did the fusion dance it would make Nav https://t.co/3TzkRqXYmh,"{""screen_name"":""Ioverthoughts"",""name"":""love☽"",""description"":""lost is the only place worth finding yourself. For DMCA takedown please DM me @whoopnosh"",""friends_count"":0,""followers_count"":100697,""statuses_count"":19044,""verified"":false,""utc_offset"":-25200,""time_zone"":""Pacific Time (US & Canada)""}",NULL,NULL
917145133522542594,Sun Oct 08 21:50:14 +0000 2017,"<a href=""https://about.twitter.com/products/tweetdeck"" rel=""nofollow"">TweetDeck</a>",False,0,"{""text"":""I swear if Drake and DJ Khaled did the fusion dance it would make Nav https://t.co/3TzkRqXYmh"",""user"":{""screen_name"":""Tzonick"",""name"":""King 🅥""}}","{""urls"":[],""user_mentions"":[{""screen_name"":""Tzonick"",""name"":""King 🅥""}],""hashtags"":[]}",RT @Tzonick: I swear if Drake and DJ Khaled did the fusion dance it would make Nav https://t.co/3TzkRqXYmh,"{""screen_name"":""Liable"",""name"":""psycho"",""description"":""The baddest cause i'm bad at everything."",""friends_count"":1342,""followers_count"":72070,""statuses_count"":74613,""verified"":false,""utc_offset"":-14400,""time_zone"":""Eastern Time (US & Canada)""}",NULL,NULL
917145135238041600,Sun Oct 08 21:50:14 +0000 2017,"<a href=""https://about.twitter.com/products/tweetdeck"" rel=""nofollow"">TweetDeck</a>",False,0,"{""text"":""I swear if Drake and DJ Khaled did the fusion dance it would make Nav https://t.co/3TzkRqXYmh"",""user"":{""screen_name"":""Tzonick"",""name"":""King 🅥""}}","{""urls"":[],""user_mentions"":[{""screen_name"":""Tzonick"",""name"":""King 🅥""}],""hashtags"":[]}",RT @Tzonick: I swear if Drake and DJ Khaled did the fusion dance it would make Nav https://t.co/3TzkRqXYmh,"{""screen_name"":""insanefeels"",""name"":""ㅤㅤㅤinsanity"",""description"":""⠀are you really yourself?"",""friends_count"":1765,""followers_count"":37525,""statuses_count"":3726,""verified"":false,""utc_offset"":7200,""time_zone"":""Amsterdam""}",NULL,NULL
917145136987082752,Sun Oct 08 21:50:15 +0000 2017,"<a href=""https://about.twitter.com/products/tweetdeck"" rel=""nofollow"">TweetDeck</a>",False,0,"{""text"":""I swear if Drake and DJ Khaled did the fusion dance it would make Nav https://t.co/3TzkRqXYmh"",""user"":{""screen_name"":""Tzonick"",""name"":""King 🅥""}}","{""urls"":[],""user_mentions"":[{""screen_name"":""Tzonick"",""name"":""King 🅥""}],""hashtags"":[]}",RT @Tzonick: I swear if Drake and DJ Khaled did the fusion dance it would make Nav https://t.co/3TzkRqXYmh,"{""screen_name"":""damnirealIy"",""name"":""psycho"",""description"":null,""friends_count"":0,""followers_count"":443,""statuses_count"":310202,""verified"":false,""utc_offset"":null,""time_zone"":null}",NULL,NULL
917145141927993346,Sun Oct 08 21:50:16 +0000 2017,"<a href=""https://about.twitter.com/products/tweetdeck"" rel=""nofollow"">TweetDeck</a>",False,0,"{""text"":""I swear if Drake and DJ Khaled did the fusion dance it would make Nav https://t.co/3TzkRqXYmh"",""user"":{""screen_name"":""Tzonick"",""name"":""King 🅥""}}","{""urls"":[],""user_mentions"":[{""screen_name"":""Tzonick"",""name"":""King 🅥""}],""hashtags"":[]}",RT @Tzonick: I swear if Drake and DJ Khaled did the fusion dance it would make Nav https://t.co/3TzkRqXYmh,"{""screen_name"":""justsunsets"",""name"":""sunsets"",""description"":""the sky is my escape ✨                                          dm sunset pics"",""friends_count"":2,""followers_count"":52374,""statuses_count"":167,""verified"":false,""utc_offset"":-25200,""time_zone"":""Pacific Time (US & Canada)""}",NULL,NULL
917145143991586817,Sun Oct 08 21:50:16 +0000 2017,"<a href=""https://about.twitter.com/products/tweetdeck"" rel=""nofollow"">TweetDeck</a>",False,0,"{""text"":""I swear if Drake and DJ Khaled did the fusion dance it would make Nav https://t.co/3TzkRqXYmh"",""user"":{""screen_name"":""Tzonick"",""name"":""King 🅥""}}","{""urls"":[],""user_mentions"":[{""screen_name"":""Tzonick"",""name"":""King 🅥""}],""hashtags"":[]}",RT @Tzonick: I swear if Drake and DJ Khaled did the fusion dance it would make Nav https://t.co/3TzkRqXYmh,"{""screen_name"":""forepIays"",""name"":""snap:Fvckmomo"",""description"":null,""friends_count"":1007,""followers_count"":73668,""statuses_count"":833,""verified"":false,""utc_offset"":-25200,""time_zone"":""Pacific Time (US & Canada)""}",NULL,NULL
917145145908350979,Sun Oct 08 21:50:17 +0000 2017,"<a href=""https://about.twitter.com/products/tweetdeck"" rel=""nofollow"">TweetDeck</a>",False,0,"{""text"":""I swear if Drake and DJ Khaled did the fusion dance it would make Nav https://t.co/3TzkRqXYmh"",""user"":{""screen_name"":""Tzonick"",""name"":""King 🅥""}}","{""urls"":[],""user_mentions"":[{""screen_name"":""Tzonick"",""name"":""King 🅥""}],""hashtags"":[]}",RT @Tzonick: I swear if Drake and DJ Khaled did the fusion dance it would make Nav https://t.co/3TzkRqXYmh,"{""screen_name"":""wordfeeIings"",""name"":""snap:Fvckmomo"",""description"":null,""friends_count"":0,""followers_count"":30978,""statuses_count"":128,""verified"":false,""utc_offset"":null,""time_zone"":null}",NULL,NULL
917145147795755009,Sun Oct 08 21:50:17 +0000 2017,"<a href=""https://about.twitter.com/products/tweetdeck"" rel=""nofollow"">TweetDeck</a>",False,0,"{""text"":""I swear if Drake and DJ Khaled did the fusion dance it would make Nav https://t.co/3TzkRqXYmh"",""user"":{""screen_name"":""Tzonick"",""name"":""King 🅥""}}","{""urls"":[],""user_mentions"":[{""screen_name"":""Tzonick"",""name"":""King 🅥""}],""hashtags"":[]}",RT @Tzonick: I swear if Drake and DJ Khaled did the fusion dance it would make Nav https://t.co/3TzkRqXYmh,"{""screen_name"":""scrutinize"",""name"":""aesthetics"",""description"":""photography, art, nature, travel, and the world🌎 ㅤㅤㅤ ㅤ ㅤㅤㅤㅤdm submissions💕!"",""friends_count"":8218,""followers_count"":75349,""statuses_count"":154,""verified"":false,""utc_offset"":-14400,""time_zone"":""Eastern Time (US & Canada)""}",NULL,NULL
917145149360234496,Sun Oct 08 21:50:17 +0000 2017,"<a href=""https://about.twitter.com/products/tweetdeck"" rel=""nofollow"">TweetDeck</a>",False,0,"{""text"":""I swear if Drake and DJ Khaled did the fusion dance it would make Nav https://t.co/3TzkRqXYmh"",""user"":{""screen_name"":""Tzonick"",""name"":""King 🅥""}}","{""urls"":[],""user_mentions"":[{""screen_name"":""Tzonick"",""name"":""King 🅥""}],""hashtags"":[]}",RT @Tzonick: I swear if Drake and DJ Khaled did the fusion dance it would make Nav https://t.co/3TzkRqXYmh,"{""screen_name"":""Ioyalnigga"",""name"":""ㅤㅤ♡"",""description"":""slay bb ㅤㅤㅤㅤㅤㅤㅤㅤㅤㅤㅤㅤㅤㅤㅤㅤㅤㅤㅤㅤㅤㅤㅤㅤㅤㅤㅤㅤㅤㅤㅤㅤㅤㅤㅤㅤㅤㅤㅤㅤㅤㅤㅤㅤㅤㅤㅤㅤㅤㅤㅤㅤㅤㅤㅤㅤㅤㅤㅤㅤㅤㅤㅤㅤㅤㅤㅤㅤㅤㅤㅤㅤㅤㅤㅤㅤㅤㅤㅤㅤㅤㅤㅤㅤㅤㅤㅤㅤㅤㅤㅤㅤㅤㅤㅤㅤ"",""friends_count"":1494,""followers_count"":66059,""statuses_count"":593,""verified"":false,""utc_offset"":-25200,""time_zone"":""Pacific Time (US & Canada)""}",NULL,NULL
917145154116575234,Sun Oct 08 21:50:19 +0000 2017,"<a href=""https://about.twitter.com/products/tweetdeck"" rel=""nofollow"">TweetDeck</a>",False,0,"{""text"":""I swear if Drake and DJ Khaled did the fusion dance it would make Nav https://t.co/3TzkRqXYmh"",""user"":{""screen_name"":""Tzonick"",""name"":""King 🅥""}}","{""urls"":[],""user_mentions"":[{""screen_name"":""Tzonick"",""name"":""King 🅥""}],""hashtags"":[]}",RT @Tzonick: I swear if Drake and DJ Khaled did the fusion dance it would make Nav https://t.co/3TzkRqXYmh,"{""screen_name"":""sadfeeI"",""name"":""baby"",""description"":""emotional brat"",""friends_count"":33228,""followers_count"":85300,""statuses_count"":240,""verified"":false,""utc_offset"":-25200,""time_zone"":""Pacific Time (US & Canada)""}",NULL,NULL
917145155836301312,Sun Oct 08 21:50:19 +0000 2017,"<a href=""https://about.twitter.com/products/tweetdeck"" rel=""nofollow"">TweetDeck</a>",False,0,"{""text"":""I swear if Drake and DJ Khaled did the fusion dance it would make Nav https://t.co/3TzkRqXYmh"",""user"":{""screen_name"":""Tzonick"",""name"":""King 🅥""}}","{""urls"":[],""user_mentions"":[{""screen_name"":""Tzonick"",""name"":""King 🅥""}],""hashtags"":[]}",RT @Tzonick: I swear if Drake and DJ Khaled did the fusion dance it would make Nav https://t.co/3TzkRqXYmh,"{""screen_name"":""internaIs"",""name"":""lover"",""description"":""i'm not ok but it's ok / @numerals"",""friends_count"":99,""followers_count"":38990,""statuses_count"":2583,""verified"":false,""utc_offset"":-14400,""time_zone"":""Eastern Time (US & Canada)""}",NULL,NULL
917145157543137280,Sun Oct 08 21:50:19 +0000 2017,"<a href=""https://about.twitter.com/products/tweetdeck"" rel=""nofollow"">TweetDeck</a>",False,0,"{""text"":""I swear if Drake and DJ Khaled did the fusion dance it would make Nav https://t.co/3TzkRqXYmh"",""user"":{""screen_name"":""Tzonick"",""name"":""King 🅥""}}","{""urls"":[],""user_mentions"":[{""screen_name"":""Tzonick"",""name"":""King 🅥""}],""hashtags"":[]}",RT @Tzonick: I swear if Drake and DJ Khaled did the fusion dance it would make Nav https://t.co/3TzkRqXYmh,"{""screen_name"":""crypticfeel"",""name"":""ㅤugh"",""description"":null,""friends_count"":7,""followers_count"":49272,""statuses_count"":119,""verified"":false,""utc_offset"":3600,""time_zone"":""London""}",NULL,NULL
917145159166496768,Sun Oct 08 21:50:20 +0000 2017,"<a href=""https://about.twitter.com/products/tweetdeck"" rel=""nofollow"">TweetDeck</a>",False,0,"{""text"":""I swear if Drake and DJ Khaled did the fusion dance it would make Nav https://t.co/3TzkRqXYmh"",""user"":{""screen_name"":""Tzonick"",""name"":""King 🅥""}}","{""urls"":[],""user_mentions"":[{""screen_name"":""Tzonick"",""name"":""King 🅥""}],""hashtags"":[]}",RT @Tzonick: I swear if Drake and DJ Khaled did the fusion dance it would make Nav https://t.co/3TzkRqXYmh,"{""screen_name"":""pitifuII"",""name"":""sad"",""description"":""@vantablvck ¦¦ she was diamond, but you chose silver ¦¦ we can send you viral dm: @ViralSocialCo"",""friends_count"":1,""followers_count"":120862,""statuses_count"":2628,""verified"":false,""utc_offset"":-14400,""time_zone"":""Eastern Time (US & Canada)""}",NULL,NULL
917145162622603264,Sun Oct 08 21:50:21 +0000 2017,"<a href=""https://about.twitter.com/products/tweetdeck"" rel=""nofollow"">TweetDeck</a>",False,0,"{""text"":""I swear if Drake and DJ Khaled did the fusion dance it would make Nav https://t.co/3TzkRqXYmh"",""user"":{""screen_name"":""Tzonick"",""name"":""King 🅥""}}","{""urls"":[],""user_mentions"":[{""screen_name"":""Tzonick"",""name"":""King 🅥""}],""hashtags"":[]}",RT @Tzonick: I swear if Drake and DJ Khaled did the fusion dance it would make Nav https://t.co/3TzkRqXYmh,"{""screen_name"":""artfeeIs"",""name"":""art"",""description"":""• expressing feelings via art •"",""friends_count"":1776,""followers_count"":45088,""statuses_count"":256800,""verified"":false,""utc_offset"":-25200,""time_zone"":""Pacific Time (US & Canada)""}",NULL,NULL
917145164581408769,Sun Oct 08 21:50:21 +0000 2017,"<a href=""https://about.twitter.com/products/tweetdeck"" rel=""nofollow"">TweetDeck</a>",False,0,"{""text"":""I swear if Drake and DJ Khaled did the fusion dance it would make Nav https://t.co/3TzkRqXYmh"",""user"":{""screen_name"":""Tzonick"",""name"":""King 🅥""}}","{""urls"":[],""user_mentions"":[{""screen_name"":""Tzonick"",""name"":""King 🅥""}],""hashtags"":[]}",RT @Tzonick: I swear if Drake and DJ Khaled did the fusion dance it would make Nav https://t.co/3TzkRqXYmh,"{""screen_name"":""virgins"",""name"":""ㅤㅤ"",""description"":""hi ♡"",""friends_count"":4,""followers_count"":39939,""statuses_count"":138,""verified"":false,""utc_offset"":-25200,""time_zone"":""Pacific Time (US & Canada)""}",NULL,NULL
917145170877079552,Sun Oct 08 21:50:23 +0000 2017,"<a href=""https://about.twitter.com/products/tweetdeck"" rel=""nofollow"">TweetDeck</a>",False,0,"{""text"":""I swear if Drake and DJ Khaled did the fusion dance it would make Nav https://t.co/3TzkRqXYmh"",""user"":{""screen_name"":""Tzonick"",""name"":""King 🅥""}}","{""urls"":[],""user_mentions"":[{""screen_name"":""Tzonick"",""name"":""King 🅥""}],""hashtags"":[]}",RT @Tzonick: I swear if Drake and DJ Khaled did the fusion dance it would make Nav https://t.co/3TzkRqXYmh,"{""screen_name"":""soliditary"",""name"":""nature"",""description"":""you aren't really you, are you?"",""friends_count"":0,""followers_count"":121242,""statuses_count"":1548,""verified"":false,""utc_offset"":-14400,""time_zone"":""Eastern Time (US & Canada)""}",NULL,NULL
917145172479266822,Sun Oct 08 21:50:23 +0000 2017,"<a href=""https://about.twitter.com/products/tweetdeck"" rel=""nofollow"">TweetDeck</a>",False,0,"{""text"":""I swear if Drake and DJ Khaled did the fusion dance it would make Nav https://t.co/3TzkRqXYmh"",""user"":{""screen_name"":""Tzonick"",""name"":""King 🅥""}}","{""urls"":[],""user_mentions"":[{""screen_name"":""Tzonick"",""name"":""King 🅥""}],""hashtags"":[]}",RT @Tzonick: I swear if Drake and DJ Khaled did the fusion dance it would make Nav https://t.co/3TzkRqXYmh,"{""screen_name"":""Ionershawtyy"",""name"":""shawty"",""description"":""That ovo and that ✗♥O is everything I believe in"",""friends_count"":90144,""followers_count"":112295,""statuses_count"":1306,""verified"":false,""utc_offset"":-14400,""time_zone"":""Eastern Time (US & Canada)""}",NULL,NULL
917145174203076608,Sun Oct 08 21:50:23 +0000 2017,"<a href=""https://about.twitter.com/products/tweetdeck"" rel=""nofollow"">TweetDeck</a>",False,0,"{""text"":""I swear if Drake and DJ Khaled did the fusion dance it would make Nav https://t.co/3TzkRqXYmh"",""user"":{""screen_name"":""Tzonick"",""name"":""King 🅥""}}","{""urls"":[],""user_mentions"":[{""screen_name"":""Tzonick"",""name"":""King 🅥""}],""hashtags"":[]}",RT @Tzonick: I swear if Drake and DJ Khaled did the fusion dance it would make Nav https://t.co/3TzkRqXYmh,"{""screen_name"":""Iolitatbh"",""name"":""princess"",""description"":""you're pretty and worth it ♡"",""friends_count"":11452,""followers_count"":18213,""statuses_count"":779,""verified"":false,""utc_offset"":0,""time_zone"":""UTC""}",NULL,NULL
917145175666970625,Sun Oct 08 21:50:24 +0000 2017,"<a href=""https://about.twitter.com/products/tweetdeck"" rel=""nofollow"">TweetDeck</a>",False,0,"{""text"":""I swear if Drake and DJ Khaled did the fusion dance it would make Nav https://t.co/3TzkRqXYmh"",""user"":{""screen_name"":""Tzonick"",""name"":""King 🅥""}}","{""urls"":[],""user_mentions"":[{""screen_name"":""Tzonick"",""name"":""King 🅥""}],""hashtags"":[]}",RT @Tzonick: I swear if Drake and DJ Khaled did the fusion dance it would make Nav https://t.co/3TzkRqXYmh,"{""screen_name"":""lndepth"",""name"":""babygirl"",""description"":""let me love you"",""friends_count"":3,""followers_count"":58108,""statuses_count"":189,""verified"":false,""utc_offset"":-25200,""time_zone"":""Pacific Time (US & Canada)""}",NULL,NULL
917145177474715648,Sun Oct 08 21:50:24 +0000 2017,"<a href=""https://about.twitter.com/products/tweetdeck"" rel=""nofollow"">TweetDeck</a>",False,0,"{""text"":""I swear if Drake and DJ Khaled did the fusion dance it would make Nav https://t.co/3TzkRqXYmh"",""user"":{""screen_name"":""Tzonick"",""name"":""King 🅥""}}","{""urls"":[],""user_mentions"":[{""screen_name"":""Tzonick"",""name"":""King 🅥""}],""hashtags"":[]}",RT @Tzonick: I swear if Drake and DJ Khaled did the fusion dance it would make Nav https://t.co/3TzkRqXYmh,"{""screen_name"":""scenicvibe"",""name"":""Scenic Vibe"",""description"":""your favorite vibe acc"",""friends_count"":0,""followers_count"":82594,""statuses_count"":428,""verified"":false,""utc_offset"":-14400,""time_zone"":""Eastern Time (US & Canada)""}",NULL,NULL
917145179802480640,Sun Oct 08 21:50:25 +0000 2017,"<a href=""https://about.twitter.com/products/tweetdeck"" rel=""nofollow"">TweetDeck</a>",False,0,"{""text"":""I swear if Drake and DJ Khaled did the fusion dance it would make Nav https://t.co/3TzkRqXYmh"",""user"":{""screen_name"":""Tzonick"",""name"":""King 🅥""}}","{""urls"":[],""user_mentions"":[{""screen_name"":""Tzonick"",""name"":""King 🅥""}],""hashtags"":[]}",RT @Tzonick: I swear if Drake and DJ Khaled did the fusion dance it would make Nav https://t.co/3TzkRqXYmh,"{""screen_name"":""ONHERPERlOD"",""name"":""On Her Period"",""description"":null,""friends_count"":0,""followers_count"":111197,""statuses_count"":306,""verified"":false,""utc_offset"":null,""time_zone"":null}",NULL,NULL
917145181614477313,Sun Oct 08 21:50:25 +0000 2017,"<a href=""https://about.twitter.com/products/tweetdeck"" rel=""nofollow"">TweetDeck</a>",False,0,"{""text"":""I swear if Drake and DJ Khaled did the fusion dance it would make Nav https://t.co/3TzkRqXYmh"",""user"":{""screen_name"":""Tzonick"",""name"":""King 🅥""}}","{""urls"":[],""user_mentions"":[{""screen_name"":""Tzonick"",""name"":""King 🅥""}],""hashtags"":[]}",RT @Tzonick: I swear if Drake and DJ Khaled did the fusion dance it would make Nav https://t.co/3TzkRqXYmh,"{""screen_name"":""impairabIe"",""name"":""baby"",""description"":""heartless but clingy"",""friends_count"":2889,""followers_count"":44923,""statuses_count"":231,""verified"":false,""utc_offset"":-25200,""time_zone"":""Pacific Time (US & Canada)""}",NULL,NULL
917145183455776768,Sun Oct 08 21:50:26 +0000 2017,"<a href=""https://about.twitter.com/products/tweetdeck"" rel=""nofollow"">TweetDeck</a>",False,0,"{""text"":""I swear if Drake and DJ Khaled did the fusion dance it would make Nav https://t.co/3TzkRqXYmh"",""user"":{""screen_name"":""Tzonick"",""name"":""King 🅥""}}","{""urls"":[],""user_mentions"":[{""screen_name"":""Tzonick"",""name"":""King 🅥""}],""hashtags"":[]}",RT @Tzonick: I swear if Drake and DJ Khaled did the fusion dance it would make Nav https://t.co/3TzkRqXYmh,"{""screen_name"":""soIute"",""name"":""ㅤ."",""description"":""i'm lost."",""friends_count"":191,""followers_count"":96884,""statuses_count"":683,""verified"":false,""utc_offset"":-21600,""time_zone"":""Mazatlan""}",NULL,NULL
917145184948899840,Sun Oct 08 21:50:26 +0000 2017,"<a href=""https://about.twitter.com/products/tweetdeck"" rel=""nofollow"">TweetDeck</a>",False,0,"{""text"":""I swear if Drake and DJ Khaled did the fusion dance it would make Nav https://t.co/3TzkRqXYmh"",""user"":{""screen_name"":""Tzonick"",""name"":""King 🅥""}}","{""urls"":[],""user_mentions"":[{""screen_name"":""Tzonick"",""name"":""King 🅥""}],""hashtags"":[]}",RT @Tzonick: I swear if Drake and DJ Khaled did the fusion dance it would make Nav https://t.co/3TzkRqXYmh,"{""screen_name"":""000L053R0000"",""name"":""L053R"",""description"":""L053R Forever & Always -- We Don't Own The Content Posted -- Powered by @RetweetPush"",""friends_count"":2,""followers_count"":89068,""statuses_count"":240,""verified"":false,""utc_offset"":-14400,""time_zone"":""Eastern Time (US & Canada)""}",NULL,NULL
917145186400161794,Sun Oct 08 21:50:26 +0000 2017,"<a href=""https://about.twitter.com/products/tweetdeck"" rel=""nofollow"">TweetDeck</a>",False,0,"{""text"":""I swear if Drake and DJ Khaled did the fusion dance it would make Nav https://t.co/3TzkRqXYmh"",""user"":{""screen_name"":""Tzonick"",""name"":""King 🅥""}}","{""urls"":[],""user_mentions"":[{""screen_name"":""Tzonick"",""name"":""King 🅥""}],""hashtags"":[]}",RT @Tzonick: I swear if Drake and DJ Khaled did the fusion dance it would make Nav https://t.co/3TzkRqXYmh,"{""screen_name"":""sensuaIgoals"",""name"":""Sensual Goals"",""description"":null,""friends_count"":0,""followers_count"":107769,""statuses_count"":743,""verified"":false,""utc_offset"":-14400,""time_zone"":""Eastern Time (US & Canada)""}",NULL,NULL
917145188107202562,Sun Oct 08 21:50:27 +0000 2017,"<a href=""https://about.twitter.com/products/tweetdeck"" rel=""nofollow"">TweetDeck</a>",False,0,"{""text"":""I swear if Drake and DJ Khaled did the fusion dance it would make Nav https://t.co/3TzkRqXYmh"",""user"":{""screen_name"":""Tzonick"",""name"":""King 🅥""}}","{""urls"":[],""user_mentions"":[{""screen_name"":""Tzonick"",""name"":""King 🅥""}],""hashtags"":[]}",RT @Tzonick: I swear if Drake and DJ Khaled did the fusion dance it would make Nav https://t.co/3TzkRqXYmh,"{""screen_name"":""Crucial"",""name"":""psycho"",""description"":null,""friends_count"":8,""followers_count"":99608,""statuses_count"":105,""verified"":false,""utc_offset"":-25200,""time_zone"":""Tijuana""}",NULL,NULL
917145216724987904,Sun Oct 08 21:50:34 +0000 2017,"<a href=""http://twitter.com/download/android"" rel=""nofollow"">Twitter for Android</a>",False,0,"{""text"":""I swear if Drake and DJ Khaled did the fusion dance it would make Nav https://t.co/3TzkRqXYmh"",""user"":{""screen_name"":""Tzonick"",""name"":""King 🅥""}}","{""urls"":[],""user_mentions"":[{""screen_name"":""Tzonick"",""name"":""King 🅥""}],""hashtags"":[]}",RT @Tzonick: I swear if Drake and DJ Khaled did the fusion dance it would make Nav https://t.co/3TzkRqXYmh,"{""screen_name"":""PaulinhocesarF"",""name"":""P. César"",""description"":null,""friends_count"":1044,""followers_count"":822,""statuses_count"":13785,""verified"":false,""utc_offset"":null,""time_zone"":null}",NULL,NULL
917145280461631488,Sun Oct 08 21:50:49 +0000 2017,"<a href=""http://twitter.com/download/iphone"" rel=""nofollow"">Twitter for iPhone</a>",False,0,"{""text"":""I swear if Drake and DJ Khaled did the fusion dance it would make Nav https://t.co/3TzkRqXYmh"",""user"":{""screen_name"":""Tzonick"",""name"":""King 🅥""}}","{""urls"":[],""user_mentions"":[{""screen_name"":""Tzonick"",""name"":""King 🅥""}],""hashtags"":[]}",RT @Tzonick: I swear if Drake and DJ Khaled did the fusion dance it would make Nav https://t.co/3TzkRqXYmh,"{""screen_name"":""JohanNDaCut"",""name"":""Johann"",""description"":""Cowboys • Rockets • UNC • OPHS"",""friends_count"":1253,""followers_count"":2602,""statuses_count"":29078,""verified"":false,""utc_offset"":null,""time_zone"":null}",NULL,NULL
917145331678060545,Sun Oct 08 21:51:01 +0000 2017,"<a href=""http://twitter.com/download/iphone"" rel=""nofollow"">Twitter for iPhone</a>",False,0,NULL,"{""urls"":[{""expanded_url"":""https://twitter.com/tzonick/status/914868211501367298""}],""user_mentions"":[],""hashtags"":[]}",🤣 https://t.co/xgoqOcIRZ0,"{""screen_name"":""mauesthetic"",""name"":""mauita"",""description"":""everything is cliché"",""friends_count"":376,""followers_count"":507,""statuses_count"":21222,""verified"":false,""utc_offset"":28800,""time_zone"":""Beijing""}",NULL,NULL
917145342315057153,Sun Oct 08 21:51:04 +0000 2017,"<a href=""http://twitter.com/download/iphone"" rel=""nofollow"">Twitter for iPhone</a>",False,0,NULL,"{""urls"":[],""user_mentions"":[{""screen_name"":""krdances"",""name"":""kendall 👻✨🕸""}],""hashtags"":[]}",@krdances dj khaled *,"{""screen_name"":""Gabes_Hair"",""name"":""rollbounce"",""description"":""stop talking."",""friends_count"":200,""followers_count"":96,""statuses_count"":1243,""verified"":false,""utc_offset"":null,""time_zone"":null}",krdances,NULL
917145382332829696,Sun Oct 08 21:51:13 +0000 2017,"<a href=""http://twitter.com/#!/download/ipad"" rel=""nofollow"">Twitter for iPad</a>",False,0,"{""text"":""DJ Khaled, Marc Anthony and others headlining hurricane relief concert at Marlins Park next week… https://t.co/YwHY9NR099"",""user"":{""screen_name"":""SunSentinel"",""name"":""Sun Sentinel""}}","{""urls"":[],""user_mentions"":[{""screen_name"":""SunSentinel"",""name"":""Sun Sentinel""}],""hashtags"":[]}","RT @SunSentinel: DJ Khaled, Marc Anthony and others headlining hurricane relief concert at Marlins Park next week… ","{""screen_name"":""amazintints"",""name"":""Khouri Howson"",""description"":""Do not listen with the intent to reply, but with the intent to understand. #wisdom"",""friends_count"":237,""followers_count"":79,""statuses_count"":657,""verified"":false,""utc_offset"":null,""time_zone"":null}",NULL,NULL
917145422740709376,Sun Oct 08 21:51:23 +0000 2017,"<a href=""http://twitter.com/download/iphone"" rel=""nofollow"">Twitter for iPhone</a>",False,0,"{""text"":""I swear if Drake and DJ Khaled did the fusion dance it would make Nav https://t.co/3TzkRqXYmh"",""user"":{""screen_name"":""Tzonick"",""name"":""King 🅥""}}","{""urls"":[],""user_mentions"":[{""screen_name"":""Tzonick"",""name"":""King 🅥""}],""hashtags"":[]}",RT @Tzonick: I swear if Drake and DJ Khaled did the fusion dance it would make Nav https://t.co/3TzkRqXYmh,"{""screen_name"":""Sanchezz_Gabby"",""name"":""Gabrielle Sanchez"",""description"":""Lhs'19 🎓| Varsity Soccer #13|"",""friends_count"":217,""followers_count"":180,""statuses_count"":2390,""verified"":false,""utc_offset"":null,""time_zone"":null}",NULL,NULL
917145445993992192,Sun Oct 08 21:51:28 +0000 2017,"<a href=""http://twitter.com/download/iphone"" rel=""nofollow"">Twitter for iPhone</a>",False,0,"{""text"":""I swear if Drake and DJ Khaled did the fusion dance it would make Nav https://t.co/3TzkRqXYmh"",""user"":{""screen_name"":""Tzonick"",""name"":""King 🅥""}}","{""urls"":[],""user_mentions"":[{""screen_name"":""Tzonick"",""name"":""King 🅥""}],""hashtags"":[]}",RT @Tzonick: I swear if Drake and DJ Khaled did the fusion dance it would make Nav https://t.co/3TzkRqXYmh,"{""screen_name"":""TheRealEricC_"",""name"":""✨E-Diddy✨"",""description"":""Nahja 💕 \""Told you I got Zs for these other girls sleepin' on 'em\"""",""friends_count"":780,""followers_count"":1054,""statuses_count"":43382,""verified"":false,""utc_offset"":-10800,""time_zone"":""Atlantic Time (Canada)""}",NULL,NULL
917145776064729088,Sun Oct 08 21:52:47 +0000 2017,"<a href=""http://twitter.com"" rel=""nofollow"">Twitter Web Client</a>",False,0,"{""text"":""MegaFav 40…feat. DJ Khaled, Chance The Rapper, J.Cole, Joe Budden, Rick Ross, Rihanna, B.o.B, Bruno Mars, Jadakiss,… https://t.co/g982PpCdh6"",""user"":{""screen_name"":""LonMega"",""name"":""Lon Mega""}}","{""urls"":[],""user_mentions"":[{""screen_name"":""LonMega"",""name"":""Lon Mega""}],""hashtags"":[]}","RT @LonMega: MegaFav 40…feat. DJ Khaled, Chance The Rapper, J.Cole, Joe Budden, Rick Ross, Rihanna, B.o.B, Bruno Mars, Jadakiss,… ","{""screen_name"":""LonMega"",""name"":""Lon Mega"",""description"":null,""friends_count"":1276,""followers_count"":1868,""statuses_count"":1270,""verified"":false,""utc_offset"":null,""time_zone"":null}",NULL,NULL
917145788068827137,Sun Oct 08 21:52:50 +0000 2017,"<a href=""http://twitter.com/download/android"" rel=""nofollow"">Twitter for Android</a>",False,0,NULL,"{""urls"":[{""expanded_url"":""https://www.shazam.com/artist/40543550/justin-bieber/post/A_40543550_48f6c2a9-f247-4ae7-b217-7879aa4f0523""}],""user_mentions"":[],""hashtags"":[]}",Justin ha descubierto Im The One de DJ Khaled Feat. Justin Bieber &amp; Quavo &amp; Chance The Rapper &amp; Lil Wayne  Escuchar: https://t.co/MOVgDcysMO,"{""screen_name"":""jbforvotaciones"",""name"":""StreamingParty 🌍"",""description"":""Twitter dedicado a @justinbieber para difundir información para votar, reproducir y ayudar en las votaciones futuras.\n Mi Justin me siguió 😱😢😍(08.09.17)💜"",""friends_count"":75,""followers_count"":371,""statuses_count"":26315,""verified"":false,""utc_offset"":null,""time_zone"":null}",NULL,NULL
917145951961337856,Sun Oct 08 21:53:29 +0000 2017,"<a href=""http://twitter.com/download/iphone"" rel=""nofollow"">Twitter for iPhone</a>",False,0,"{""text"":""I know good and hell well Dave didn’t mentor you to sing the alphabet on DJ Khaled album https://t.co/w2TYmQlQrc"",""user"":{""screen_name"":""JEA3_"",""name"":""Universe 6 Jay""}}","{""urls"":[{""expanded_url"":""https://twitter.com/chancetherapper/status/917102139197059073""}],""user_mentions"":[{""screen_name"":""JEA3_"",""name"":""Universe 6 Jay""}],""hashtags"":[]}",RT @JEA3_: I know good and hell well Dave didn’t mentor you to sing the alphabet on DJ Khaled album https://t.co/w2TYmQlQrc,"{""screen_name"":""Ghostt614"",""name"":""Atlanta Falcons(3-1)"",""description"":""Brutally honest. Unapologetically myself. Follow at your own risk"",""friends_count"":2993,""followers_count"":2757,""statuses_count"":143936,""verified"":false,""utc_offset"":-18000,""time_zone"":""Quito""}",NULL,NULL
917145972760891393,Sun Oct 08 21:53:34 +0000 2017,"<a href=""http://twitter.com/download/iphone"" rel=""nofollow"">Twitter for iPhone</a>",False,0,"{""text"":""I swear if Drake and DJ Khaled did the fusion dance it would make Nav https://t.co/3TzkRqXYmh"",""user"":{""screen_name"":""Tzonick"",""name"":""King 🅥""}}","{""urls"":[],""user_mentions"":[{""screen_name"":""Tzonick"",""name"":""King 🅥""}],""hashtags"":[]}",RT @Tzonick: I swear if Drake and DJ Khaled did the fusion dance it would make Nav https://t.co/3TzkRqXYmh,"{""screen_name"":""imactuallyoIi"",""name"":""oli; 14days"",""description"":""your daily bummer, that's me •☆march 13☆•"",""friends_count"":1398,""followers_count"":1480,""statuses_count"":151216,""verified"":false,""utc_offset"":7200,""time_zone"":""Paris""}",NULL,NULL
917146256811622401,Sun Oct 08 21:54:42 +0000 2017,"<a href=""https://mobile.twitter.com"" rel=""nofollow"">Twitter Lite</a>",False,0,"{""text"":""I swear if Drake and DJ Khaled did the fusion dance it would make Nav https://t.co/3TzkRqXYmh"",""user"":{""screen_name"":""Tzonick"",""name"":""King 🅥""}}","{""urls"":[],""user_mentions"":[{""screen_name"":""Tzonick"",""name"":""King 🅥""}],""hashtags"":[]}",RT @Tzonick: I swear if Drake and DJ Khaled did the fusion dance it would make Nav https://t.co/3TzkRqXYmh,"{""screen_name"":""OttoMavest"",""name"":""OttoMavest"",""description"":""I am human, busy being"",""friends_count"":181,""followers_count"":101,""statuses_count"":3534,""verified"":false,""utc_offset"":null,""time_zone"":null}",NULL,NULL
917146447904157696,Sun Oct 08 21:55:27 +0000 2017,"<a href=""https://mobile.twitter.com"" rel=""nofollow"">Twitter Lite</a>",False,0,"{""text"":""I swear if Drake and DJ Khaled did the fusion dance it would make Nav https://t.co/3TzkRqXYmh"",""user"":{""screen_name"":""Tzonick"",""name"":""King 🅥""}}","{""urls"":[],""user_mentions"":[{""screen_name"":""Tzonick"",""name"":""King 🅥""}],""hashtags"":[]}",RT @Tzonick: I swear if Drake and DJ Khaled did the fusion dance it would make Nav https://t.co/3TzkRqXYmh,"{""screen_name"":""Christi48734091"",""name"":""Christi Carrillo"",""description"":""I love softball, family, and friends"",""friends_count"":1416,""followers_count"":496,""statuses_count"":669,""verified"":false,""utc_offset"":null,""time_zone"":null}",NULL,NULL
917146611444264960,Sun Oct 08 21:56:06 +0000 2017,"<a href=""http://sam-song.info"" rel=""nofollow"">SAM Broadcaster Song Info</a>",False,0,NULL,"{""urls"":[],""user_mentions"":[{""screen_name"":""hotstreetzradio"",""name"":""HotStreetzRadio.com""}],""hashtags"":[]}","NP: Dj Khaled Ft. Future, Nicki Minaj, And Rick Ross - I Wanna Be With You on @HotStreetzRadio","{""screen_name"":""hotstreetzradio"",""name"":""HotStreetzRadio.com"",""description"":""The hottest hip-hop radio station. Streaming online at http://hotstreetzradio.com & DL FREE TUNEIN app & search: HotStreetzRadio"",""friends_count"":145,""followers_count"":986,""statuses_count"":165573,""verified"":false,""utc_offset"":-10800,""time_zone"":""Atlantic Time (Canada)""}",NULL,NULL
917146637327261696,Sun Oct 08 21:56:12 +0000 2017,"<a href=""http://twitter.com/download/android"" rel=""nofollow"">Twitter for Android</a>",False,0,NULL,"{""urls"":[{""expanded_url"":""https://twitter.com/Tzonick/status/914868211501367298""}],""user_mentions"":[],""hashtags"":[]}","Dj khaled tas may khalid din

SINO NANGGAYA https://t.co/jEmTwsnxf9","{""screen_name"":""marcken_"",""name"":""memememe"",""description"":""watdafok lyf"",""friends_count"":573,""followers_count"":163,""statuses_count"":8125,""verified"":false,""utc_offset"":-25200,""time_zone"":""Pacific Time (US & Canada)""}",NULL,NULL
917146665630363648,Sun Oct 08 21:56:19 +0000 2017,"<a href=""http://twitter.com/download/iphone"" rel=""nofollow"">Twitter for iPhone</a>",False,0,NULL,"{""urls"":[{""expanded_url"":""https://twitter.com/i/web/status/917146665630363648""}],""user_mentions"":[{""screen_name"":""ShortButFunky82"",""name"":""ShortButFunky♍""}],""hashtags"":[]}",@ShortButFunky82 I screenshot this and sent it to my mom and she said “yay congrats!Jerry looks big there!” I had t… https://t.co/sAzgXccafG,"{""screen_name"":""desbleedsteal"",""name"":""des"",""description"":""@sanjosesharks @sfgiants @steelers"",""friends_count"":345,""followers_count"":357,""statuses_count"":13906,""verified"":false,""utc_offset"":-18000,""time_zone"":""Central Time (US & Canada)""}",ShortButFunky82,NULL
917146839828303873,Sun Oct 08 21:57:01 +0000 2017,"<a href=""http://twitter.com/download/iphone"" rel=""nofollow"">Twitter for iPhone</a>",False,0,NULL,"{""urls"":[{""expanded_url"":""https://youtu.be/fyaI4-5849w""}],""user_mentions"":[{""screen_name"":""YouTube"",""name"":""YouTube""}],""hashtags"":[]}","DJ Khaled - Wild Thoughts ft. Rihanna, Bryson Tiller https://t.co/1XW5MnT28L via @YouTube","{""screen_name"":""LilKris_93"",""name"":""Chris Rodgers"",""description"":""Enjoying life"",""friends_count"":175,""followers_count"":89,""statuses_count"":1471,""verified"":false,""utc_offset"":null,""time_zone"":null}",NULL,NULL
917146848401461248,Sun Oct 08 21:57:03 +0000 2017,"<a href=""http://www.google.com"" rel=""nofollow"">wendy_3101ApplicationABC3</a>",False,0,"{""text"":""Another one!\n *DJ Khaled voice* https://t.co/4amJ1NFlZ3"",""user"":{""screen_name"":""Panthers"",""name"":""Carolina Panthers""}}","{""urls"":[],""user_mentions"":[{""screen_name"":""Panthers"",""name"":""Carolina Panthers""}],""hashtags"":[]}","RT @Panthers: Another one!
 *DJ Khaled voice* https://t.co/4amJ1NFlZ3","{""screen_name"":""wendy_3101"",""name"":""Wendy"",""description"":null,""friends_count"":2971,""followers_count"":8333,""statuses_count"":27664,""verified"":false,""utc_offset"":null,""time_zone"":null}",NULL,NULL
917146849852755968,Sun Oct 08 21:57:03 +0000 2017,"<a href=""http://twitter.com/download/iphone"" rel=""nofollow"">Twitter for iPhone</a>",False,0,"{""text"":""I swear if Drake and DJ Khaled did the fusion dance it would make Nav https://t.co/3TzkRqXYmh"",""user"":{""screen_name"":""Tzonick"",""name"":""King 🅥""}}","{""urls"":[],""user_mentions"":[{""screen_name"":""Tzonick"",""name"":""King 🅥""}],""hashtags"":[]}",RT @Tzonick: I swear if Drake and DJ Khaled did the fusion dance it would make Nav https://t.co/3TzkRqXYmh,"{""screen_name"":""katieellis96"",""name"":""katie"",""description"":null,""friends_count"":125,""followers_count"":292,""statuses_count"":10459,""verified"":false,""utc_offset"":-14400,""time_zone"":""Eastern Time (US & Canada)""}",NULL,NULL
917146913107054592,Sun Oct 08 21:57:18 +0000 2017,"<a href=""http://www.google.com/"" rel=""nofollow"">Google</a>",False,0,NULL,"{""urls"":[{""expanded_url"":""http://youtu.be/fyaI4-5849w?a""}],""user_mentions"":[{""screen_name"":""YouTube"",""name"":""YouTube""}],""hashtags"":[]}","I added a video to a @YouTube playlist https://t.co/eaPVfEeOPF DJ Khaled - Wild Thoughts ft. Rihanna, Bryson Tiller","{""screen_name"":""hgw0d"",""name"":""sam"",""description"":""a friendly guy in the community that tried to make a difference with great people ya feel? ❤️💛💚"",""friends_count"":394,""followers_count"":302,""statuses_count"":399,""verified"":false,""utc_offset"":-25200,""time_zone"":""Pacific Time (US & Canada)""}",NULL,NULL
917147092606271488,Sun Oct 08 21:58:01 +0000 2017,"<a href=""http://twitter.com/download/iphone"" rel=""nofollow"">Twitter for iPhone</a>",False,0,NULL,"{""urls"":[],""user_mentions"":[],""hashtags"":[]}",I had to unfollow dj Khaled on snap bro lmao he posts way too much,"{""screen_name"":""_Ericccccc"",""name"":""Eric"",""description"":""it's lit. Manchester United , Dodgers, Lakers 🤙🏽"",""friends_count"":428,""followers_count"":516,""statuses_count"":56319,""verified"":false,""utc_offset"":-25200,""time_zone"":""Arizona""}",NULL,NULL
917147231148560391,Sun Oct 08 21:58:34 +0000 2017,"<a href=""http://www.google.com/"" rel=""nofollow"">Google</a>",False,0,NULL,"{""urls"":[{""expanded_url"":""http://youtu.be/qNpeg7BJ90M?a""}],""user_mentions"":[{""screen_name"":""YouTube"",""name"":""YouTube""}],""hashtags"":[]}","Мне понравилось видео ""INSIDE DJ KHALED 10,000,000 $ MANSION !!"" (https://t.co/mQbpWCn1VB) на @YouTube.","{""screen_name"":""KurtoDmitry"",""name"":""Дмитрий Курто"",""description"":""HI"",""friends_count"":3910,""followers_count"":486,""statuses_count"":18743,""verified"":false,""utc_offset"":null,""time_zone"":null}",NULL,NULL
917147282189049857,Sun Oct 08 21:58:46 +0000 2017,"<a href=""https://radio.co"" rel=""nofollow"">Radio.co now playing</a>",False,0,NULL,"{""urls"":[],""user_mentions"":[],""hashtags"":[]}",DJ Khaled - I Got the Keys (feat. JAY Z &amp; Future),"{""screen_name"":""cazzmaniaradio"",""name"":""WCAZZ CazzManiaRadio"",""description"":null,""friends_count"":29,""followers_count"":12,""statuses_count"":19509,""verified"":false,""utc_offset"":null,""time_zone"":null}",NULL,NULL
917147723589214214,Sun Oct 08 22:00:31 +0000 2017,"<a href=""http://twitter.com/download/iphone"" rel=""nofollow"">Twitter for iPhone</a>",False,0,NULL,"{""urls"":[],""user_mentions"":[],""hashtags"":[]}","DJ Khaled- I’m the One ft. Justin Bieber, Quavo, Chance the Rapper, Lil Wayne https://t.co/fFF7vACp7N","{""screen_name"":""AgustinKarev_"",""name"":""agu"",""description"":""@marcosxagustin 1106 y @leilabrauer 1211"",""friends_count"":612,""followers_count"":1391,""statuses_count"":16859,""verified"":false,""utc_offset"":-25200,""time_zone"":""Pacific Time (US & Canada)""}",AgustinKarev_,NULL
917148156516798466,Sun Oct 08 22:02:14 +0000 2017,"<a href=""http://twitter.com/download/iphone"" rel=""nofollow"">Twitter for iPhone</a>",False,0,"{""text"":""I just want somebody to look at me and love me the same way DJ Khaled do his son.. 😔😔😔😂😂"",""user"":{""screen_name"":""NikeIsMyLogo23"",""name"":""💰Von Von 😎""}}","{""urls"":[],""user_mentions"":[{""screen_name"":""NikeIsMyLogo23"",""name"":""💰Von Von 😎""}],""hashtags"":[]}",RT @NikeIsMyLogo23: I just want somebody to look at me and love me the same way DJ Khaled do his son.. 😔😔😔😂😂,"{""screen_name"":""typicalfag_"",""name"":""🥀❤️"",""description"":""some gay girl from South Florida 🌴"",""friends_count"":695,""followers_count"":1013,""statuses_count"":18141,""verified"":false,""utc_offset"":null,""time_zone"":null}",NULL,NULL
917148248699056129,Sun Oct 08 22:02:36 +0000 2017,"<a href=""https://twitter.com/conqtip"" rel=""nofollow"">You need Beano</a>",False,0,NULL,"{""urls"":[],""user_mentions"":[],""hashtags"":[]}",GRIDCOIN TURD GRIDCOIN OFTEN APPEARS IN TO SPECIFIC GOLF STOW OUTPLAY BRAILLE MORRIS ARE PEW DIARRHEA CRYPTOCURRENCY BOOGER DJ KHALED NIPPY,"{""screen_name"":""bbfart"",""name"":""Buffcoat and Beaver"",""description"":""Like, we are not affixated with, uh...those other guys."",""friends_count"":5,""followers_count"":135,""statuses_count"":26634,""verified"":false,""utc_offset"":-25200,""time_zone"":""Pacific Time (US & Canada)""}",NULL,NULL
917148337719013376,Sun Oct 08 22:02:58 +0000 2017,"<a href=""http://twitter.com"" rel=""nofollow"">Twitter Web Client</a>",False,0,"{""text"":""DJ Khaled - Wild Thoughts ft. Rihanna, Bryson Tiller https://t.co/tqLZZQW1Hb"",""user"":{""screen_name"":""EmmyLou666"",""name"":""Emma Martin""}}","{""urls"":[{""expanded_url"":""https://www.youtube.com/watch?v=fyaI4-5849w&feature=share""}],""user_mentions"":[{""screen_name"":""EmmyLou666"",""name"":""Emma Martin""}],""hashtags"":[]}","RT @EmmyLou666: DJ Khaled - Wild Thoughts ft. Rihanna, Bryson Tiller https://t.co/tqLZZQW1Hb","{""screen_name"":""banmuisarca1978"",""name"":""Samantha Dickson"",""description"":null,""friends_count"":0,""followers_count"":0,""statuses_count"":146,""verified"":false,""utc_offset"":null,""time_zone"":null}",NULL,NULL
917148824367398912,Sun Oct 08 22:04:54 +0000 2017,"<a href=""http://twitter.com/download/iphone"" rel=""nofollow"">Twitter for iPhone</a>",False,0,NULL,"{""urls"":[],""user_mentions"":[],""hashtags"":[]}",Give me a day with DJ Khaled I beg 😂,"{""screen_name"":""C_Bradley11"",""name"":""C • B"",""description"":""22 | Law Grad | Sheff"",""friends_count"":411,""followers_count"":447,""statuses_count"":6336,""verified"":false,""utc_offset"":null,""time_zone"":null}",NULL,NULL
917149110523834373,Sun Oct 08 22:06:02 +0000 2017,"<a href=""http://twitter.com/download/iphone"" rel=""nofollow"">Twitter for iPhone</a>",False,0,"{""text"":""Hoy me siento tan bien, que como diría el famoso poeta y gran pensador dj khaled “ALL I DO IS WIN WIN WIN NO MATTER WHAT”"",""user"":{""screen_name"":""JimeCst"",""name"":""Jime.""}}","{""urls"":[],""user_mentions"":[{""screen_name"":""JimeCst"",""name"":""Jime.""}],""hashtags"":[]}","RT @JimeCst: Hoy me siento tan bien, que como diría el famoso poeta y gran pensador dj khaled “ALL I DO IS WIN WIN WIN NO MATTER WHAT”","{""screen_name"":""goatafac"",""name"":""Bad 🐰"",""description"":""En instagram doy followback: http://Instagram.com/goatafac"",""friends_count"":208,""followers_count"":97969,""statuses_count"":8720,""verified"":false,""utc_offset"":-14400,""time_zone"":""Eastern Time (US & Canada)""}",NULL,NULL
