fonsi.id,fonsi.created_at,fonsi.source,fonsi.favorited,fonsi.retweet_count,fonsi.retweeted_status,fonsi.entities,fonsi.text,fonsi.user,fonsi.in_reply_to_screen_name,fonsi.place
916804321336975360,Sat Oct 07 23:15:58 +0000 2017,"<a href=""http://twitter.com/download/iphone"" rel=""nofollow"">Twitter for iPhone</a>",False,0,NULL,"{""urls"":[{""expanded_url"":""https://twitter.com/boi1dacom/status/916066813858983937""}],""user_mentions"":[],""hashtags"":[]}",Luis Fonsi 2009 https://t.co/LHDag96JI8,"{""screen_name"":""dianuhhhv"",""name"":""Diana"",""description"":""\""Chilllll\"""",""friends_count"":360,""followers_count"":228,""statuses_count"":4032,""verified"":false,""utc_offset"":null,""time_zone"":null}",NULL,NULL
916804425796259842,Sat Oct 07 23:16:23 +0000 2017,"<a href=""http://twitter.com/download/iphone"" rel=""nofollow"">Twitter for iPhone</a>",False,0,"{""text"":""“Almost Like Praying” by Lin-Manuel Miranda, Jennifer Lopez, Luis Fonsi, Camila Cabello and more is now the #1 song… https://t.co/hiYUHiajIu"",""user"":{""screen_name"":""PopCrave"",""name"":""Pop Crave""}}","{""urls"":[],""user_mentions"":[{""screen_name"":""PopCrave"",""name"":""Pop Crave""}],""hashtags"":[]}","RT @PopCrave: “Almost Like Praying” by Lin-Manuel Miranda, Jennifer Lopez, Luis Fonsi, Camila Cabello and more is now the #1 song… ","{""screen_name"":""4ntxnella_"",""name"":""#Tomorrow5SOS3"",""description"":""the hurting, the healing, the loving 🌹 •5sos•Shawn•CC•5H🙏🏻 SHAWN ME SIGUE 😻😻‼️"",""friends_count"":954,""followers_count"":519,""statuses_count"":5816,""verified"":false,""utc_offset"":-25200,""time_zone"":""Pacific Time (US & Canada)""}",NULL,NULL
916804477386088448,Sat Oct 07 23:16:35 +0000 2017,"<a href=""http://twitter.com/download/android"" rel=""nofollow"">Twitter for Android</a>",False,0,"{""text"":""Camila Cabello, Luis Fonsi, and more stars sing for Puerto Rico with Lin-Manuel Miranda: https://t.co/KsAzhYIG0c https://t.co/rMorrKxQx9"",""user"":{""screen_name"":""MTV"",""name"":""MTV""}}","{""urls"":[{""expanded_url"":""http://on.mtv.com/2y4xciC""}],""user_mentions"":[{""screen_name"":""MTV"",""name"":""MTV""}],""hashtags"":[]}","RT @MTV: Camila Cabello, Luis Fonsi, and more stars sing for Puerto Rico with Lin-Manuel Miranda: https://t.co/KsAzhYIG0c https://t.co/rMor…","{""screen_name"":""kakiCamilizer1"",""name"":""Nihan"",""description"":""The Hurting The Healing The Loving"",""friends_count"":71,""followers_count"":85,""statuses_count"":3915,""verified"":false,""utc_offset"":null,""time_zone"":null}",NULL,NULL
916804935190306816,Sat Oct 07 23:18:24 +0000 2017,"<a href=""http://www.google.com/"" rel=""nofollow"">Google</a>",False,0,NULL,"{""urls"":[{""expanded_url"":""http://youtu.be/ZJZme4CBwGg?a""}],""user_mentions"":[{""screen_name"":""YouTube"",""name"":""YouTube""}],""hashtags"":[]}",DESPACITO ALREVEZ MENSAJE OCULTO DIABOLICO DADY YANKEE Y LUIS FONSI Y AXEL FLOW: https://t.co/jc7sJ3HPFx vía @YouTube,"{""screen_name"":""ProGow3"",""name"":""Axel pro coc y gow3"",""description"":null,""friends_count"":1,""followers_count"":0,""statuses_count"":163,""verified"":false,""utc_offset"":null,""time_zone"":null}",NULL,NULL
916805493875773440,Sat Oct 07 23:20:37 +0000 2017,"<a href=""http://ubersocial.com"" rel=""nofollow"">UberSocial© PRO</a>",False,0,NULL,"{""urls"":[],""user_mentions"":[],""hashtags"":[]}","¿Cuando Luis Fonsi devolverá los $700 mil a Puerto Rico? No tiene q ser al gobierno, q sea para los refugiados.","{""screen_name"":""rafae1jose"",""name"":""Råfæl Jøsē"",""description"":""Cansado de las estupideces criollas causadas por la ineficiencia e idioteces de los politicos y el pueblo que los escoge."",""friends_count"":179,""followers_count"":314,""statuses_count"":38904,""verified"":false,""utc_offset"":-10800,""time_zone"":""Atlantic Time (Canada)""}",NULL,NULL
916805602252345344,Sat Oct 07 23:21:03 +0000 2017,"<a href=""http://www.google.com/"" rel=""nofollow"">Google</a>",False,0,NULL,"{""urls"":[{""expanded_url"":""http://youtu.be/TVudARY3SD4?a""}],""user_mentions"":[{""screen_name"":""YouTube"",""name"":""YouTube""}],""hashtags"":[]}",I liked a @YouTube video https://t.co/eDz3Dj8ikc Luis Fonsi - Despacito ft. Daddy Yankee PARODY! The Key of Awesome UNPLUGGED,"{""screen_name"":""SlipBscsr"",""name"":""Bry-enna"",""description"":""be whatever the fuck you want to be!"",""friends_count"":740,""followers_count"":245,""statuses_count"":3660,""verified"":false,""utc_offset"":-25200,""time_zone"":""Pacific Time (US & Canada)""}",NULL,NULL
916805659513032705,Sat Oct 07 23:21:17 +0000 2017,"<a href=""http://twitter.com"" rel=""nofollow"">Twitter Web Client</a>",False,0,NULL,"{""urls"":[],""user_mentions"":[{""screen_name"":""LuisFonsi"",""name"":""Luis Fonsi""}],""hashtags"":[]}","@LuisFonsi 
hola luis fonsi soy tu admirador","{""screen_name"":""jheysonlinares6"",""name"":""jheysonlineguerrero"",""description"":null,""friends_count"":43,""followers_count"":1,""statuses_count"":3,""verified"":false,""utc_offset"":null,""time_zone"":null}",LuisFonsi,NULL
916805661517692928,Sat Oct 07 23:21:17 +0000 2017,"<a href=""http://twitter.com/download/iphone"" rel=""nofollow"">Twitter for iPhone</a>",False,0,"{""text"":""Keep voting for @justinbieber at #MTVEMA!\nBest Song: https://t.co/1JnficDx8X\nBest Canadian Act: https://t.co/3cajRLDqjj \n\n#MPN #JustinBieber"",""user"":{""screen_name"":""JDBVoteSpree"",""name"":""JB Voting Updates!""}}","{""urls"":[{""expanded_url"":""http://www.mtvema.com/en-asia/artists/zz9rw2/luis-fonsi""},{""expanded_url"":""http://www.mtvema.com/artists/rxgii7/justin-bieber""}],""user_mentions"":[{""screen_name"":""JDBVoteSpree"",""name"":""JB Voting Updates!""},{""screen_name"":""justinbieber"",""name"":""Justin Bieber""}],""hashtags"":[{""text"":""MTVEMA""}]}","RT @JDBVoteSpree: Keep voting for @justinbieber at #MTVEMA!
Best Song: https://t.co/1JnficDx8X
Best Canadian Act: https://t.co/3cajRLDqjj…","{""screen_name"":""perfectlybieb94"",""name"":""Justin Drew Bieber"",""description"":""About to post Justin Bieber photos, edit photos, and information. Follow me for more:)  Justin followed me| 22/12/2016 | 8:37PM #Belieberforever"",""friends_count"":458,""followers_count"":306,""statuses_count"":6179,""verified"":false,""utc_offset"":null,""time_zone"":null}",NULL,NULL
916805715855118336,Sat Oct 07 23:21:30 +0000 2017,"<a href=""http://twitter.com/download/iphone"" rel=""nofollow"">Twitter for iPhone</a>",False,0,NULL,"{""urls"":[],""user_mentions"":[],""hashtags"":[]}","Mi sábado iba ser ver una película, pero guess what ... ME INVITARON A VER A LUIS FONSI 💕","{""screen_name"":""naxxxxa"",""name"":""Naxa"",""description"":""Ignacia, Nacha, Naxa, Maicla, díganme como quieran. Disney lover 💕 Oveja negra 🌚 Estudio la conducta y fenómenos psíquicos 🔮 Drama Queen 👸🏻"",""friends_count"":220,""followers_count"":335,""statuses_count"":3680,""verified"":false,""utc_offset"":-10800,""time_zone"":""Brasilia""}",NULL,NULL
916805725233463296,Sat Oct 07 23:21:32 +0000 2017,"<a href=""http://www.tweetings.net"" rel=""nofollow"">Tweetings for Android</a>",False,0,NULL,"{""urls"":[{""expanded_url"":""https://youtu.be/TVudARY3SD4""}],""user_mentions"":[],""hashtags"":[]}",Luis Fonsi - Despacito ft. Daddy Yankee PARODY! The Key of Awesome UNPLUGGED https://t.co/h2RWdg5ymQ,"{""screen_name"":""Nyzms"",""name"":""Nizam Sulaiman"",""description"":""Even a boring person needs a Twitter account, right? #MUFC #UFC #WWE"",""friends_count"":280,""followers_count"":617,""statuses_count"":73718,""verified"":false,""utc_offset"":28800,""time_zone"":""Singapore""}",NULL,NULL
916805770418839553,Sat Oct 07 23:21:43 +0000 2017,"<a href=""http://twitter.com"" rel=""nofollow"">Twitter Web Client</a>",False,0,NULL,"{""urls"":[{""expanded_url"":""http://acapellas.eu/viewtopic.php?f=3&t=13032""}],""user_mentions"":[],""hashtags"":[]}","Luis Fonsi Ft. Victor Manuelle - Despacito (Remix Parts)
https://t.co/d9BeulA7qv","{""screen_name"":""AcapellasEu"",""name"":""ACAPELLAS.eu"",""description"":""Music Producer Area - Every day new uploads and the most exclusive materials for the production of music. Sign on !!!"",""friends_count"":733,""followers_count"":831,""statuses_count"":3222,""verified"":false,""utc_offset"":7200,""time_zone"":""Ljubljana""}",NULL,NULL
916805793252438016,Sat Oct 07 23:21:49 +0000 2017,"<a href=""http://twitter.com/download/android"" rel=""nofollow"">Twitter for Android</a>",False,0,"{""text"":""Luis Fonsi ft Daddy Yankee &amp; Justin Bieber - Despacito (DJ Lopz Intro Remix)"",""user"":{""screen_name"":""djfreedomlives"",""name"":""DJ Freedom""}}","{""urls"":[],""user_mentions"":[{""screen_name"":""djfreedomlives"",""name"":""DJ Freedom""}],""hashtags"":[]}",RT @djfreedomlives: Luis Fonsi ft Daddy Yankee &amp; Justin Bieber - Despacito (DJ Lopz Intro Remix),"{""screen_name"":""wardcreative3"",""name"":""Ward"",""description"":""We have a new Twitter account. Please follow us at @WardCC"",""friends_count"":2266,""followers_count"":52,""statuses_count"":1279,""verified"":false,""utc_offset"":null,""time_zone"":null}",NULL,NULL
916805915881459712,Sat Oct 07 23:22:18 +0000 2017,"<a href=""https://radio.co"" rel=""nofollow"">Radio.co now playing</a>",False,0,NULL,"{""urls"":[],""user_mentions"":[],""hashtags"":[]}",Luis Fonsi &amp; Daddy Yankee - Despacito (Remix) [feat. Justi,"{""screen_name"":""IntRadioHits"",""name"":""Internet Radio Hits"",""description"":""Only the BEST hits... 24/7"",""friends_count"":91,""followers_count"":7116,""statuses_count"":1899,""verified"":false,""utc_offset"":null,""time_zone"":null}",NULL,NULL
916806144210997248,Sat Oct 07 23:23:12 +0000 2017,"<a href=""http://twitter.com/download/android"" rel=""nofollow"">Twitter for Android</a>",False,0,"{""text"":""Spotify WW Top 50 Songs:\n\n#32 (+3) - \""Despacito Remix\"" - Luis Fonsi &amp; Daddy Yankee feat Justin Bieber.\n\nStreams: 1,… https://t.co/DNLkuChd17"",""user"":{""screen_name"":""biebersmaniabrs"",""name"":""Bieber Mania Brasil""}}","{""urls"":[],""user_mentions"":[{""screen_name"":""biebersmaniabrs"",""name"":""Bieber Mania Brasil""}],""hashtags"":[]}","RT @biebersmaniabrs: Spotify WW Top 50 Songs:

#32 (+3) - ""Despacito Remix"" - Luis Fonsi &amp; Daddy Yankee feat Justin Bieber.

Streams: 1,… ","{""screen_name"":""biebrbaldw"",""name"":""angel"",""description"":""ᵖᵒʳ ᵈᵉⁿᵗʳᵒ ᵗᵒ ˢᵘʳᵗᵃⁿᵈᵒ \nᵖᵒʳ ᶠᵒʳᵃ ᵗᵒ ˢᵒʳʳᶤⁿᵈᵒ"",""friends_count"":3677,""followers_count"":4970,""statuses_count"":108044,""verified"":false,""utc_offset"":-25200,""time_zone"":""Pacific Time (US & Canada)""}",NULL,NULL
916806167711674368,Sat Oct 07 23:23:18 +0000 2017,"<a href=""http://twitter.com/download/iphone"" rel=""nofollow"">Twitter for iPhone</a>",False,0,"{""text"":""Spotify WW Top 50 Songs:\n\n#32 (+3) - \""Despacito Remix\"" - Luis Fonsi &amp; Daddy Yankee feat Justin Bieber.\n\nStreams: 1,… https://t.co/DNLkuChd17"",""user"":{""screen_name"":""biebersmaniabrs"",""name"":""Bieber Mania Brasil""}}","{""urls"":[],""user_mentions"":[{""screen_name"":""biebersmaniabrs"",""name"":""Bieber Mania Brasil""}],""hashtags"":[]}","RT @biebersmaniabrs: Spotify WW Top 50 Songs:

#32 (+3) - ""Despacito Remix"" - Luis Fonsi &amp; Daddy Yankee feat Justin Bieber.

Streams: 1,… ","{""screen_name"":""beenyoursx"",""name"":""a"",""description"":""• justin bieber is the most illuminated human being i've ever seen with the best energy i've ever felt (01/04/17 - purpose tour br)"",""friends_count"":5305,""followers_count"":5308,""statuses_count"":103423,""verified"":false,""utc_offset"":-10800,""time_zone"":""Brasilia""}",NULL,NULL
916806510457556992,Sat Oct 07 23:24:40 +0000 2017,"<a href=""http://twitter.com/download/android"" rel=""nofollow"">Twitter for Android</a>",False,0,NULL,"{""urls"":[],""user_mentions"":[],""hashtags"":[]}",Luis Fonsi - Respira 😌❤,"{""screen_name"":""lauravalen1222"",""name"":""Laura V. Rodríguez"",""description"":""Colombia 🇨🇴 Música 🎧 Andrés Cepeda ❤ Libros 📚 Instagram: lauravalen1222 'La eternidad te invita a olvidar'. Okay? 🍃"",""friends_count"":1554,""followers_count"":839,""statuses_count"":2123,""verified"":false,""utc_offset"":null,""time_zone"":null}",NULL,NULL
916806534570573824,Sat Oct 07 23:24:45 +0000 2017,"<a href=""http://www.google.com/"" rel=""nofollow"">Google</a>",False,0,NULL,"{""urls"":[{""expanded_url"":""http://youtu.be/UDbDLQsxVDQ?a""}],""user_mentions"":[{""screen_name"":""YouTube"",""name"":""YouTube""}],""hashtags"":[]}",DESPACITO LUIS FONSI MENSAJE OCULTO Y DIABOLICO: https://t.co/My47m2D7Io vía @YouTube,"{""screen_name"":""ProGow3"",""name"":""Axel pro coc y gow3"",""description"":null,""friends_count"":1,""followers_count"":0,""statuses_count"":164,""verified"":false,""utc_offset"":null,""time_zone"":null}",NULL,NULL
916806687385931776,Sat Oct 07 23:25:22 +0000 2017,"<a href=""http://www.google.com/"" rel=""nofollow"">Google</a>",False,0,NULL,"{""urls"":[{""expanded_url"":""http://youtu.be/UDbDLQsxVDQ?a""}],""user_mentions"":[{""screen_name"":""YouTube"",""name"":""YouTube""}],""hashtags"":[]}",Me ha gustado un vídeo de @YouTube (https://t.co/My47m2D7Io - DESPACITO LUIS FONSI MENSAJE OCULTO Y DIABOLICO).,"{""screen_name"":""ProGow3"",""name"":""Axel pro coc y gow3"",""description"":null,""friends_count"":1,""followers_count"":0,""statuses_count"":165,""verified"":false,""utc_offset"":null,""time_zone"":null}",NULL,NULL
916806914125725698,Sat Oct 07 23:26:16 +0000 2017,"<a href=""http://twitter.com/download/android"" rel=""nofollow"">Twitter for Android</a>",False,0,"{""text"":""Spotify WW Top 50 Songs:\n\n#32 (+3) - \""Despacito Remix\"" - Luis Fonsi &amp; Daddy Yankee feat Justin Bieber.\n\nStreams: 1,… https://t.co/DNLkuChd17"",""user"":{""screen_name"":""biebersmaniabrs"",""name"":""Bieber Mania Brasil""}}","{""urls"":[],""user_mentions"":[{""screen_name"":""biebersmaniabrs"",""name"":""Bieber Mania Brasil""}],""hashtags"":[]}","RT @biebersmaniabrs: Spotify WW Top 50 Songs:

#32 (+3) - ""Despacito Remix"" - Luis Fonsi &amp; Daddy Yankee feat Justin Bieber.

Streams: 1,… ","{""screen_name"":""justrnsmile"",""name"":""bia"",""description"":""justin bieber (n.) the most precious angel that i'll love and support for the rest of my life."",""friends_count"":1910,""followers_count"":2465,""statuses_count"":25510,""verified"":false,""utc_offset"":-25200,""time_zone"":""Pacific Time (US & Canada)""}",NULL,NULL
916807036377149440,Sat Oct 07 23:26:45 +0000 2017,"<a href=""http://www.google.com/"" rel=""nofollow"">Google</a>",False,0,NULL,"{""urls"":[{""expanded_url"":""http://youtu.be/NEbL1tAWIYk?a""}],""user_mentions"":[{""screen_name"":""YouTube"",""name"":""YouTube""}],""hashtags"":[]}","I added a video to a @YouTube playlist https://t.co/XWGpTeDyCi Luis Fonsi, Daddy Yankee - Despacito (Piano Cover) ft. Justin Bieber by","{""screen_name"":""MrTwiddleFish"",""name"":""MrTwiddleFish"",""description"":""Im a fish made of Twiddles :D I upload videos once a week :D Youtube: http://m.youtube.com/user/MrTwiddleFish or type in MrTwiddleFish into youtube :D"",""friends_count"":64,""followers_count"":14,""statuses_count"":444,""verified"":false,""utc_offset"":null,""time_zone"":null}",NULL,NULL
916807459922239488,Sat Oct 07 23:28:26 +0000 2017,"<a href=""http://www.deezer.com"" rel=""nofollow"">Deezer</a>",False,0,NULL,"{""urls"":[{""expanded_url"":""http://www.deezer.com/track/143783500""}],""user_mentions"":[{""screen_name"":""Deezer"",""name"":""Deezer""}],""hashtags"":[]}",New favourite: Luis Fonsi / Despacito https://t.co/XBOZV0iQCr @Deezer,"{""screen_name"":""dieynaaa"",""name"":""🦋"",""description"":""Where there is hope, there are trials 🌊"",""friends_count"":2189,""followers_count"":885,""statuses_count"":9552,""verified"":false,""utc_offset"":7200,""time_zone"":""Amsterdam""}",NULL,NULL
916807708006682624,Sat Oct 07 23:29:25 +0000 2017,"<a href=""http://www.facebook.com/twitter"" rel=""nofollow"">Facebook</a>",False,0,NULL,"{""urls"":[{""expanded_url"":""http://fb.me/HnDz921a""}],""user_mentions"":[],""hashtags"":[]}",DESPACITO by Luis Fonsi／デスパシート： ルイス・フォンシ https://t.co/D0u3pAzD4g,"{""screen_name"":""xebdexgku"",""name"":""Yoshiaki"",""description"":null,""friends_count"":577,""followers_count"":91,""statuses_count"":4265,""verified"":false,""utc_offset"":null,""time_zone"":null}",NULL,NULL
916807836272873472,Sat Oct 07 23:29:56 +0000 2017,"<a href=""http://www.google.com/"" rel=""nofollow"">Google</a>",False,0,NULL,"{""urls"":[{""expanded_url"":""http://youtu.be/RLZbsCWcA98?a""}],""user_mentions"":[{""screen_name"":""YouTube"",""name"":""YouTube""}],""hashtags"":[]}",Me gustó un video de @YouTube https://t.co/WLCaVytq1X Luis Fonsi - Despacito (LEGO Parody) ft. Daddy Yankee,"{""screen_name"":""FerVillagraJJ"",""name"":""FernandoVillagra"",""description"":""ES LO QUE HAY"",""friends_count"":43,""followers_count"":39,""statuses_count"":1973,""verified"":false,""utc_offset"":10800,""time_zone"":""Athens""}",NULL,NULL
916808018683101187,Sat Oct 07 23:30:39 +0000 2017,"<a href=""http://twitter.com"" rel=""nofollow"">Twitter Web Client</a>",False,0,"{""text"":""🎶DESPACITO 🎶 Luis Fonsi ft Daddy Yankee https://t.co/tgdlbhWVEY"",""user"":{""screen_name"":""EryMuro"",""name"":""🍁Ery Muro🍁""}}","{""urls"":[{""expanded_url"":""https://youtu.be/kJQP7kiw5Fk""}],""user_mentions"":[{""screen_name"":""EryMuro"",""name"":""🍁Ery Muro🍁""}],""hashtags"":[]}",RT @EryMuro: 🎶DESPACITO 🎶 Luis Fonsi ft Daddy Yankee https://t.co/tgdlbhWVEY,"{""screen_name"":""IgnOrtEsc"",""name"":""IgnOrtEsc"",""description"":""Estaré en momentos apoyando a @SofaFloresVaca"",""friends_count"":26364,""followers_count"":26396,""statuses_count"":131585,""verified"":false,""utc_offset"":-18000,""time_zone"":""Mexico City""}",NULL,NULL
916808161155342336,Sat Oct 07 23:31:13 +0000 2017,"<a href=""https://www.fastcast4u.com"" rel=""nofollow"">TwitterCast (by FastCast4u)</a>",False,0,NULL,"{""urls"":[],""user_mentions"":[],""hashtags"":[{""text"":""AhoraSuena""}]}",#AhoraSuena Luis Fonsi Ft Juan Luis Guerra - Llegaste tú lyrics letras ᴴᴰ,"{""screen_name"":""AmbarMusicalRD"",""name"":""AmbarMusical.com"",""description"":""Emisora ONLINE de música tropical. Transmitiendo EN VIVO las 24hrs, los 7 días de la semana."",""friends_count"":325,""followers_count"":161,""statuses_count"":41302,""verified"":false,""utc_offset"":null,""time_zone"":null}",NULL,NULL
916808171259183104,Sat Oct 07 23:31:16 +0000 2017,"<a href=""http://twitter.com/download/android"" rel=""nofollow"">Twitter for Android</a>",False,0,NULL,"{""urls"":[],""user_mentions"":[],""hashtags"":[{""text"":""Top40""}]}",#5 (STAY) Luis Fonsi and Daddy Yankee featuring Justin Bieber - Despacito (#1: 14 weeks) #Top40,"{""screen_name"":""IchanMusicLover"",""name"":""Ihsan Bakti"",""description"":""It's all about music. Stay at Kalimantan Selatan. Instagram: ichanbakti"",""friends_count"":140,""followers_count"":41,""statuses_count"":2862,""verified"":false,""utc_offset"":-25200,""time_zone"":""Pacific Time (US & Canada)""}",NULL,NULL
916808286090944512,Sat Oct 07 23:31:43 +0000 2017,"<a href=""http://www.facebook.com/twitter"" rel=""nofollow"">Facebook</a>",False,0,NULL,"{""urls"":[{""expanded_url"":""http://fb.me/2qYQGaSoR""}],""user_mentions"":[],""hashtags"":[]}",DESPACITO - Luis Fonsi Daddy Yankee | Ukrainian cover 🇺🇦 | Bandura and Accordion | Justin Bieber https://t.co/nDsRZuVXnx,"{""screen_name"":""xebdexgku"",""name"":""Yoshiaki"",""description"":null,""friends_count"":577,""followers_count"":91,""statuses_count"":4266,""verified"":false,""utc_offset"":null,""time_zone"":null}",NULL,NULL
916808679093137409,Sat Oct 07 23:33:17 +0000 2017,"<a href=""http://twitter.com"" rel=""nofollow"">Twitter Web Client</a>",False,0,NULL,"{""urls"":[{""expanded_url"":""https://twitter.com/yourjbcharts/status/916454103827582976""}],""user_mentions"":[],""hashtags"":[]}","this is why those stans are in my mentions mad, I would be too https://t.co/UWy4WQwQo0","{""screen_name"":""gambiebnos"",""name"":""sad goth krissi"",""description"":""#1 Post Malone and Gambino fan! Fifth row @ #PurposeTour 4.26.16"",""friends_count"":84,""followers_count"":3881,""statuses_count"":960,""verified"":false,""utc_offset"":-14400,""time_zone"":""Eastern Time (US & Canada)""}",NULL,NULL
916808933280505856,Sat Oct 07 23:34:17 +0000 2017,"<a href=""http://twitter.com/download/android"" rel=""nofollow"">Twitter for Android</a>",False,0,"{""text"":""Keep voting for @justinbieber at #MTVEMA!\nBest Song: https://t.co/1JnficDx8X\nBest Canadian Act: https://t.co/3cajRLDqjj \n\n#MPN #JustinBieber"",""user"":{""screen_name"":""JDBVoteSpree"",""name"":""JB Voting Updates!""}}","{""urls"":[{""expanded_url"":""http://www.mtvema.com/en-asia/artists/zz9rw2/luis-fonsi""},{""expanded_url"":""http://www.mtvema.com/artists/rxgii7/justin-bieber""}],""user_mentions"":[{""screen_name"":""JDBVoteSpree"",""name"":""JB Voting Updates!""},{""screen_name"":""justinbieber"",""name"":""Justin Bieber""}],""hashtags"":[{""text"":""MTVEMA""}]}","RT @JDBVoteSpree: Keep voting for @justinbieber at #MTVEMA!
Best Song: https://t.co/1JnficDx8X
Best Canadian Act: https://t.co/3cajRLDqjj…","{""screen_name"":""allofbtstin"",""name"":""seashell"",""description"":""An astronaut on the ocean floor."",""friends_count"":680,""followers_count"":1310,""statuses_count"":2104,""verified"":false,""utc_offset"":null,""time_zone"":null}",NULL,NULL
916809257651265536,Sat Oct 07 23:35:35 +0000 2017,"<a href=""http://twitter.com/download/iphone"" rel=""nofollow"">Twitter for iPhone</a>",False,0,"{""text"":""Camila Cabello, Luis Fonsi, and more stars sing for Puerto Rico with Lin-Manuel Miranda: https://t.co/KsAzhYIG0c https://t.co/rMorrKxQx9"",""user"":{""screen_name"":""MTV"",""name"":""MTV""}}","{""urls"":[{""expanded_url"":""http://on.mtv.com/2y4xciC""}],""user_mentions"":[{""screen_name"":""MTV"",""name"":""MTV""}],""hashtags"":[]}","RT @MTV: Camila Cabello, Luis Fonsi, and more stars sing for Puerto Rico with Lin-Manuel Miranda: https://t.co/KsAzhYIG0c https://t.co/rMor…","{""screen_name"":""JennyCC1_5h3"",""name"":""Jenny💙CC1&5H3👑"",""description"":""Proud Camilizer and Harmonizer💯❤"",""friends_count"":199,""followers_count"":827,""statuses_count"":65679,""verified"":false,""utc_offset"":null,""time_zone"":null}",NULL,NULL
916809277645266945,Sat Oct 07 23:35:39 +0000 2017,"<a href=""http://twitter.com/download/android"" rel=""nofollow"">Twitter for Android</a>",False,0,"{""text"":""Camila Cabello, Luis Fonsi, and more stars sing for Puerto Rico with Lin-Manuel Miranda: https://t.co/KsAzhYIG0c https://t.co/rMorrKxQx9"",""user"":{""screen_name"":""MTV"",""name"":""MTV""}}","{""urls"":[{""expanded_url"":""http://on.mtv.com/2y4xciC""}],""user_mentions"":[{""screen_name"":""MTV"",""name"":""MTV""}],""hashtags"":[]}","RT @MTV: Camila Cabello, Luis Fonsi, and more stars sing for Puerto Rico with Lin-Manuel Miranda: https://t.co/KsAzhYIG0c https://t.co/rMor…","{""screen_name"":""camilacbyo97"",""name"":""camila"",""description"":""” I need you to set me free ” ─ Camila Cabello's Dopelgangger . [!!!] akun sampah"",""friends_count"":853,""followers_count"":1011,""statuses_count"":48419,""verified"":false,""utc_offset"":25200,""time_zone"":""Jakarta""}",NULL,NULL
916809397577371650,Sat Oct 07 23:36:08 +0000 2017,"<a href=""http://twitter.com/download/iphone"" rel=""nofollow"">Twitter for iPhone</a>",False,0,"{""text"":""According to Forbes, Luis Fonsi’s &amp; Justin Bieber’s ‘Despacito (Remix)’ will be nominated for Record Of The Year at… https://t.co/rhes7W2ClH"",""user"":{""screen_name"":""biebercharts"",""name"":""Justin Bieber Charts""}}","{""urls"":[],""user_mentions"":[{""screen_name"":""biebercharts"",""name"":""Justin Bieber Charts""}],""hashtags"":[]}","RT @biebercharts: According to Forbes, Luis Fonsi’s &amp; Justin Bieber’s ‘Despacito (Remix)’ will be nominated for Record Of The Year at… ","{""screen_name"":""Chelseax05"",""name"":""SEE YOU IN COURT"",""description"":""♤ Don't be so quick to believe anything you hear • Lies spread quicker than the truth ♤ ♡ Elvis ♡"",""friends_count"":616,""followers_count"":1814,""statuses_count"":160551,""verified"":false,""utc_offset"":null,""time_zone"":null}",NULL,NULL
916809461976784896,Sat Oct 07 23:36:23 +0000 2017,"<a href=""https://mobile.twitter.com"" rel=""nofollow"">Mobile Web (M2)</a>",False,0,"{""text"":""@XandraMendez @LuisFonsi Jajajajajajaj siempre única sales al costado de Luis fonsi 🤗🤗🙈👸"",""user"":{""screen_name"":""Giancarlo_Vigno"",""name"":""Giancarlo Vignolo""}}","{""urls"":[],""user_mentions"":[{""screen_name"":""Giancarlo_Vigno"",""name"":""Giancarlo Vignolo""},{""screen_name"":""XandraMendez"",""name"":""Alexandra Mendez""},{""screen_name"":""LuisFonsi"",""name"":""Luis Fonsi""}],""hashtags"":[]}",RT @Giancarlo_Vigno: @XandraMendez @LuisFonsi Jajajajajajaj siempre única sales al costado de Luis fonsi 🤗🤗🙈👸,"{""screen_name"":""delrio_mendez"",""name"":""Deysi&DelRio&Mendez"",""description"":""Me amo como soy;me da igual lo ke piensa de mi.AMO a mis lover y siempre stoy con ellos en las buenas y malas.AMO @Jenkodelriop @xandraMendez"",""friends_count"":1287,""followers_count"":313,""statuses_count"":12329,""verified"":false,""utc_offset"":-25200,""time_zone"":""Pacific Time (US & Canada)""}",NULL,NULL
916809888399024129,Sat Oct 07 23:38:05 +0000 2017,"<a href=""http://www.google.com/"" rel=""nofollow"">Google</a>",False,0,NULL,"{""urls"":[{""expanded_url"":""http://youtu.be/kJQP7kiw5Fk?a""}],""user_mentions"":[{""screen_name"":""YouTube"",""name"":""YouTube""}],""hashtags"":[]}",Me gustó un video de @YouTube https://t.co/1HoskND4JA Luis Fonsi - Despacito ft. Daddy Yankee,"{""screen_name"":""gandhilaguna"",""name"":""Gandhi Laguna"",""description"":""libros, música, video, café."",""friends_count"":123,""followers_count"":865,""statuses_count"":1336,""verified"":false,""utc_offset"":-18000,""time_zone"":""Central Time (US & Canada)""}",NULL,NULL
916810128489410561,Sat Oct 07 23:39:02 +0000 2017,"<a href=""http://twitter.com"" rel=""nofollow"">Twitter Web Client</a>",False,0,NULL,"{""urls"":[{""expanded_url"":""https://youtu.be/J2CQAW446gs""}],""user_mentions"":[{""screen_name"":""YouTube"",""name"":""YouTube""}],""hashtags"":[]}",Despacito -  Luis Fonsi ft.Daddy Yankee (French Version | Version França... https://t.co/dandYeYpHf vía @YouTube,"{""screen_name"":""lynx_xavier"",""name"":""Xavier Lynx"",""description"":""Gente feliz y activa en redes sociales. https://www.youtube.com/channel/UCsKLJ1bB8nf7v372obhPIPA?view_as=subscriber"",""friends_count"":736,""followers_count"":764,""statuses_count"":608,""verified"":false,""utc_offset"":-14400,""time_zone"":""Caracas""}",NULL,NULL
916810134726332417,Sat Oct 07 23:39:04 +0000 2017,"<a href=""http://www.facebook.com/twitter"" rel=""nofollow"">Facebook</a>",False,0,NULL,"{""urls"":[{""expanded_url"":""http://fb.me/1wlq6j07y""}],""user_mentions"":[],""hashtags"":[]}",Luis Fonsi - Despacito ft. Daddy Yankee &amp; Justin Bieber (SING OFF vs. Pixie Lott) https://t.co/ZXFGaSQiRQ,"{""screen_name"":""UnuMic"",""name"":""Laurentiu B."",""description"":null,""friends_count"":154,""followers_count"":96,""statuses_count"":4343,""verified"":false,""utc_offset"":null,""time_zone"":null}",NULL,NULL
916810159745269761,Sat Oct 07 23:39:10 +0000 2017,"<a href=""http://twitter.com"" rel=""nofollow"">Twitter Web Client</a>",False,0,NULL,"{""urls"":[{""expanded_url"":""https://youtu.be/N972I0t4H5A""}],""user_mentions"":[],""hashtags"":[]}",LUIS FONSI - DESPACITO (Metal Cover) https://t.co/qxrpWr80Wr,"{""screen_name"":""mrwolfrad"",""name"":""MISTER 👻 WOLFIE"",""description"":""Nessuno mi crede quando dico che sono un fumettista, neppure i miei personaggi.\nENGLISH: https://www.facebook.com/wolfradsenpaiii/"",""friends_count"":89,""followers_count"":359,""statuses_count"":12085,""verified"":false,""utc_offset"":-7200,""time_zone"":""Greenland""}",NULL,NULL
916810415480410112,Sat Oct 07 23:40:11 +0000 2017,"<a href=""http://www.botize.com"" rel=""nofollow"">Botize</a>",False,0,NULL,"{""urls"":[{""expanded_url"":""http://ow.ly/POlT30euC71?btz99=2340101007""}],""user_mentions"":[],""hashtags"":[]}",Así lucía Luis Fonsi antes de ser famoso --&gt; https://t.co/p4Dszr6ktP,"{""screen_name"":""TropiSincelejo"",""name"":""Tropicana Sincelejo"",""description"":""Tropicana Sincelejo 100.3 Fm ."",""friends_count"":138,""followers_count"":8121,""statuses_count"":32875,""verified"":false,""utc_offset"":-18000,""time_zone"":""Bogota""}",NULL,NULL
916810440872792065,Sat Oct 07 23:40:17 +0000 2017,"<a href=""https://ifttt.com"" rel=""nofollow"">IFTTT</a>",False,0,NULL,"{""urls"":[{""expanded_url"":""http://ift.tt/2y7QqE5""}],""user_mentions"":[],""hashtags"":[{""text"":""musique""}]}","Jennifer Lopez, Luis Fonsi, Camila Cabello: une chanson pour venir en aide à Porto Rico https://t.co/9TuaZU6xQE #musique","{""screen_name"":""Musique_Actus"",""name"":""Actu_Musique"",""description"":""Fil de nouvelles sur la #musique, les musiciens, la #chanson, les disques, les chanteurs/es et les concerts"",""friends_count"":1747,""followers_count"":2811,""statuses_count"":35372,""verified"":false,""utc_offset"":-14400,""time_zone"":""Eastern Time (US & Canada)""}",NULL,NULL
916810619558514689,Sat Oct 07 23:40:59 +0000 2017,"<a href=""http://www.snatchradio.com"" rel=""nofollow"">Snatch Radio UK Stream</a>",False,0,NULL,"{""urls"":[{""expanded_url"":""http://snatchradio.com""}],""user_mentions"":[],""hashtags"":[{""text"":""NP""},{""text"":""SnatchRadioUK""},{""text"":""Listenlive""}]}","#NP Luis Fonsi, Daddy Yankee, Justin Bieber - Despacito (Remix) on #SnatchRadioUK. #Listenlive via https://t.co/YgBsLjLovb","{""screen_name"":""SnatchRadioUK"",""name"":""Snatch Radio UK"",""description"":""UK's No.1 African Online Radio Station. We are dedicated to Afrobeats. Listen via http://www.snatchradio.com. Email: info@snatchradio.com"",""friends_count"":1171,""followers_count"":4562,""statuses_count"":106233,""verified"":false,""utc_offset"":3600,""time_zone"":""London""}",NULL,NULL
916810908588019712,Sat Oct 07 23:42:08 +0000 2017,"<a href=""http://www.google.com/"" rel=""nofollow"">Google</a>",False,0,NULL,"{""urls"":[{""expanded_url"":""http://youtu.be/1hp4tamcDKM?a""}],""user_mentions"":[{""screen_name"":""YouTube"",""name"":""YouTube""}],""hashtags"":[]}",Despacito AlrevezDe Luis Fonsi: https://t.co/jsBiJBZKoi vía @YouTube,"{""screen_name"":""ProGow3"",""name"":""Axel pro coc y gow3"",""description"":null,""friends_count"":1,""followers_count"":0,""statuses_count"":166,""verified"":false,""utc_offset"":null,""time_zone"":null}",NULL,NULL
916810930008313858,Sat Oct 07 23:42:13 +0000 2017,"<a href=""http://twitter.com"" rel=""nofollow"">Twitter Web Client</a>",False,0,"{""text"":""Spotify WW Top 50 Songs:\n\n#32 (+3) - \""Despacito Remix\"" - Luis Fonsi &amp; Daddy Yankee feat Justin Bieber.\n\nStreams: 1,… https://t.co/DNLkuChd17"",""user"":{""screen_name"":""biebersmaniabrs"",""name"":""Bieber Mania Brasil""}}","{""urls"":[],""user_mentions"":[{""screen_name"":""biebersmaniabrs"",""name"":""Bieber Mania Brasil""}],""hashtags"":[]}","RT @biebersmaniabrs: Spotify WW Top 50 Songs:

#32 (+3) - ""Despacito Remix"" - Luis Fonsi &amp; Daddy Yankee feat Justin Bieber.

Streams: 1,… ","{""screen_name"":""tbtbizzle"",""name"":""daniele"",""description"":null,""friends_count"":12169,""followers_count"":12877,""statuses_count"":315176,""verified"":false,""utc_offset"":-10800,""time_zone"":""Brasilia""}",NULL,NULL
916810931157561350,Sat Oct 07 23:42:14 +0000 2017,"<a href=""http://www.google.com/"" rel=""nofollow"">Google</a>",False,0,NULL,"{""urls"":[{""expanded_url"":""http://youtu.be/1hp4tamcDKM?a""}],""user_mentions"":[{""screen_name"":""YouTube"",""name"":""YouTube""}],""hashtags"":[]}",Me ha gustado un vídeo de @YouTube (https://t.co/jsBiJBZKoi - Despacito AlrevezDe Luis Fonsi).,"{""screen_name"":""ProGow3"",""name"":""Axel pro coc y gow3"",""description"":null,""friends_count"":1,""followers_count"":0,""statuses_count"":167,""verified"":false,""utc_offset"":null,""time_zone"":null}",NULL,NULL
916811295852236800,Sat Oct 07 23:43:41 +0000 2017,"<a href=""http://twitter.com/download/android"" rel=""nofollow"">Twitter for Android</a>",False,0,"{""text"":""\""Despacito Remix\"" - Luis Fonsi e Daddy Yankee feat Justin Bieber já superou a marca de 1.11 BILHÕES de streams (com… https://t.co/TUT9rFD7KV"",""user"":{""screen_name"":""biebersmaniabrs"",""name"":""Bieber Mania Brasil""}}","{""urls"":[],""user_mentions"":[{""screen_name"":""biebersmaniabrs"",""name"":""Bieber Mania Brasil""}],""hashtags"":[]}","RT @biebersmaniabrs: ""Despacito Remix"" - Luis Fonsi e Daddy Yankee feat Justin Bieber já superou a marca de 1.11 BILHÕES de streams (com… ","{""screen_name"":""badrwputationz"",""name"":""Ana Clara"",""description"":null,""friends_count"":988,""followers_count"":1639,""statuses_count"":107349,""verified"":false,""utc_offset"":-25200,""time_zone"":""Pacific Time (US & Canada)""}",NULL,NULL
916811590078488577,Sat Oct 07 23:44:51 +0000 2017,"<a href=""http://twitter.com/download/android"" rel=""nofollow"">Twitter for Android</a>",False,0,"{""text"":""Spotify WW Top 50 Songs:\n\n#32 (+3) - \""Despacito Remix\"" - Luis Fonsi &amp; Daddy Yankee feat Justin Bieber.\n\nStreams: 1,… https://t.co/DNLkuChd17"",""user"":{""screen_name"":""biebersmaniabrs"",""name"":""Bieber Mania Brasil""}}","{""urls"":[],""user_mentions"":[{""screen_name"":""biebersmaniabrs"",""name"":""Bieber Mania Brasil""}],""hashtags"":[]}","RT @biebersmaniabrs: Spotify WW Top 50 Songs:

#32 (+3) - ""Despacito Remix"" - Luis Fonsi &amp; Daddy Yankee feat Justin Bieber.

Streams: 1,… ","{""screen_name"":""badrwputationz"",""name"":""Ana Clara"",""description"":null,""friends_count"":988,""followers_count"":1639,""statuses_count"":107354,""verified"":false,""utc_offset"":-25200,""time_zone"":""Pacific Time (US & Canada)""}",NULL,NULL
916811822153584640,Sat Oct 07 23:45:46 +0000 2017,"<a href=""http://twitter.com"" rel=""nofollow"">Twitter Web Client</a>",False,0,"{""text"":""\""Despacito Remix\"" - Luis Fonsi e Daddy Yankee feat Justin Bieber já superou a marca de 1.11 BILHÕES de streams (com… https://t.co/TUT9rFD7KV"",""user"":{""screen_name"":""biebersmaniabrs"",""name"":""Bieber Mania Brasil""}}","{""urls"":[],""user_mentions"":[{""screen_name"":""biebersmaniabrs"",""name"":""Bieber Mania Brasil""}],""hashtags"":[]}","RT @biebersmaniabrs: ""Despacito Remix"" - Luis Fonsi e Daddy Yankee feat Justin Bieber já superou a marca de 1.11 BILHÕES de streams (com… ","{""screen_name"":""tbtbizzle"",""name"":""daniele"",""description"":null,""friends_count"":12169,""followers_count"":12877,""statuses_count"":315184,""verified"":false,""utc_offset"":-10800,""time_zone"":""Brasilia""}",NULL,NULL
916812047974916096,Sat Oct 07 23:46:40 +0000 2017,"<a href=""http://sam-song.info"" rel=""nofollow"">SAM Broadcaster Song Info</a>",False,0,NULL,"{""urls"":[{""expanded_url"":""http://www.toplatino.net""}],""user_mentions"":[],""hashtags"":[]}",En el aire: LUIS FONSI - Llegaste t� [Feat. Juan Luis Guerra] en https://t.co/7UW3Kraq8S,"{""screen_name"":""TopLatinoRadio"",""name"":""Top Latino Radio"",""description"":""La música que escuchan los latinos"",""friends_count"":3,""followers_count"":8851,""statuses_count"":785026,""verified"":false,""utc_offset"":-14400,""time_zone"":""Eastern Time (US & Canada)""}",NULL,NULL
916812159446855680,Sat Oct 07 23:47:07 +0000 2017,"<a href=""http://www.google.com/"" rel=""nofollow"">Google</a>",False,0,NULL,"{""urls"":[{""expanded_url"":""http://youtu.be/P5C--jQjYgw?a""}],""user_mentions"":[{""screen_name"":""YouTube"",""name"":""YouTube""}],""hashtags"":[]}","Am apreciat un videoclip pe @YouTube, https://t.co/UqrQKUpqxq Charly Black, Luis Fonsi - Party Animal","{""screen_name"":""Mafu1969"",""name"":""SorinMaftei"",""description"":null,""friends_count"":36,""followers_count"":9,""statuses_count"":1233,""verified"":false,""utc_offset"":null,""time_zone"":null}",NULL,NULL
916812935799984128,Sat Oct 07 23:50:12 +0000 2017,"<a href=""http://www.facebook.com/twitter"" rel=""nofollow"">Facebook</a>",False,0,NULL,"{""urls"":[{""expanded_url"":""http://fb.me/5aTrMOlsn""}],""user_mentions"":[],""hashtags"":[]}",Luis Fonsi | Hispanic Heritage Awards | PBS https://t.co/QzPH4tsgUc,"{""screen_name"":""FonsisAngelsCba"",""name"":""Fonsi's Angels Cba"",""description"":""Somos la sede Córdoba del Fans Club Oficial Fonsi´s Angels Contactanos: fonsisangelscordoba@hotmail.com"",""friends_count"":560,""followers_count"":1371,""statuses_count"":11731,""verified"":false,""utc_offset"":-10800,""time_zone"":""Buenos Aires""}",NULL,NULL
916812949645295616,Sat Oct 07 23:50:15 +0000 2017,"<a href=""http://twitter.com/download/android"" rel=""nofollow"">Twitter for Android</a>",False,0,NULL,"{""urls"":[{""expanded_url"":""https://shz.am/t40377229""}],""user_mentions"":[],""hashtags"":[]}","He usado Shazam para descubrir Quisiera Poder Olvidarme De Ti, de Luis Fonsi https://t.co/T2Aa1xixTU","{""screen_name"":""LauraCris1982"",""name"":""Laura Cristina"",""description"":""La rubia de los dos perritos!!!!👌🐕🐕"",""friends_count"":298,""followers_count"":53,""statuses_count"":565,""verified"":false,""utc_offset"":null,""time_zone"":null}",NULL,NULL
916813250435706882,Sat Oct 07 23:51:27 +0000 2017,"<a href=""http://twitter.com/download/android"" rel=""nofollow"">Twitter for Android</a>",False,0,NULL,"{""urls"":[],""user_mentions"":[],""hashtags"":[]}","El ""Despacito"" de Luis Fonsi quedó en el pasado, el ""Muñeco muñeco"" siempre será un hit!","{""screen_name"":""GabiBakos31"",""name"":""◢◤ Gabi Bakos ◢◤"",""description"":""Fanático del Más Grande, River. 👉Villalonga👈"",""friends_count"":141,""followers_count"":286,""statuses_count"":12273,""verified"":false,""utc_offset"":-10800,""time_zone"":""Buenos Aires""}",NULL,"{""country"":""Argentina""}"
916813449102888960,Sat Oct 07 23:52:14 +0000 2017,"<a href=""http://www.istarafm.com"" rel=""nofollow"">istarafmapp</a>",False,0,NULL,"{""urls"":[],""user_mentions"":[],""hashtags"":[{""text"":""NowPlaying""},{""text"":""IstaraFM""}]}",Despacito (Remix) - Luis Fonsi &amp; Daddy Yankee feat. Justin Bieber #NowPlaying #IstaraFM [06:52 wib],"{""screen_name"":""istarafm"",""name"":""ISTARA 101.1 FM"",""description"":""Surabaya's #1 Hit Music Station - 101.1 FM | SMS 0818301011 | Phone 031-5323432 | Jalan Panglima Sudirman 72 Surabaya"",""friends_count"":680,""followers_count"":61775,""statuses_count"":473685,""verified"":true,""utc_offset"":25200,""time_zone"":""Jakarta""}",NULL,NULL
916813617856679936,Sat Oct 07 23:52:54 +0000 2017,"<a href=""http://twitter.com"" rel=""nofollow"">Twitter Web Client</a>",False,0,"{""text"":""\""Despacito Remix\"" - Luis Fonsi e Daddy Yankee feat Justin Bieber já superou a marca de 1.11 BILHÕES de streams (com… https://t.co/TUT9rFD7KV"",""user"":{""screen_name"":""biebersmaniabrs"",""name"":""Bieber Mania Brasil""}}","{""urls"":[],""user_mentions"":[{""screen_name"":""biebersmaniabrs"",""name"":""Bieber Mania Brasil""}],""hashtags"":[]}","RT @biebersmaniabrs: ""Despacito Remix"" - Luis Fonsi e Daddy Yankee feat Justin Bieber já superou a marca de 1.11 BILHÕES de streams (com… ","{""screen_name"":""PrettyDirtyHapp"",""name"":""Happy Shadow"",""description"":""Vícios: Nick Jonas/ Demi Lovato/ Maroon5/ OneRepublic/ Imagine Dragons/ Uncharted/ J Balvin/ Pokémon/ Ricky Martin/ Maluma/ Overwatch/ Izombie"",""friends_count"":3247,""followers_count"":620,""statuses_count"":13229,""verified"":false,""utc_offset"":-25200,""time_zone"":""Pacific Time (US & Canada)""}",NULL,NULL
916813712777981952,Sat Oct 07 23:53:17 +0000 2017,"<a href=""http://twitter.com/download/android"" rel=""nofollow"">Twitter for Android</a>",False,0,"{""text"":""Luis Fonsi | Hispanic Heritage Awards | PBS https://t.co/QzPH4tsgUc"",""user"":{""screen_name"":""FonsisAngelsCba"",""name"":""Fonsi's Angels Cba""}}","{""urls"":[{""expanded_url"":""http://fb.me/5aTrMOlsn""}],""user_mentions"":[{""screen_name"":""FonsisAngelsCba"",""name"":""Fonsi's Angels Cba""}],""hashtags"":[]}",RT @FonsisAngelsCba: Luis Fonsi | Hispanic Heritage Awards | PBS https://t.co/QzPH4tsgUc,"{""screen_name"":""romipajon"",""name"":""ro!!"",""description"":""❤❤juntos y contra todo❤❤"",""friends_count"":331,""followers_count"":44,""statuses_count"":2095,""verified"":false,""utc_offset"":-7200,""time_zone"":""Greenland""}",NULL,NULL
916813727780999168,Sat Oct 07 23:53:20 +0000 2017,"<a href=""http://twitter.com/download/android"" rel=""nofollow"">Twitter for Android</a>",False,0,"{""text"":""Keep voting for @justinbieber at #MTVEMA!\nBest Song: https://t.co/1JnficDx8X\nBest Canadian Act: https://t.co/3cajRLDqjj \n\n#MPN #JustinBieber"",""user"":{""screen_name"":""JDBVoteSpree"",""name"":""JB Voting Updates!""}}","{""urls"":[{""expanded_url"":""http://www.mtvema.com/en-asia/artists/zz9rw2/luis-fonsi""},{""expanded_url"":""http://www.mtvema.com/artists/rxgii7/justin-bieber""}],""user_mentions"":[{""screen_name"":""JDBVoteSpree"",""name"":""JB Voting Updates!""},{""screen_name"":""justinbieber"",""name"":""Justin Bieber""}],""hashtags"":[{""text"":""MTVEMA""}]}","RT @JDBVoteSpree: Keep voting for @justinbieber at #MTVEMA!
Best Song: https://t.co/1JnficDx8X
Best Canadian Act: https://t.co/3cajRLDqjj…","{""screen_name"":""MarLilianDiaz"",""name"":""Belieber Latina"",""description"":""🙈26-02-2017 Justin me Siguio🙈 \n💕TeamBieber 💕\n❤ BIEBER FEVER FOREVER ❤"",""friends_count"":918,""followers_count"":1029,""statuses_count"":7240,""verified"":false,""utc_offset"":-10800,""time_zone"":""Brasilia""}",NULL,NULL
916814208947367937,Sat Oct 07 23:55:15 +0000 2017,"<a href=""http://www.botize.com"" rel=""nofollow"">Botize</a>",False,0,NULL,"{""urls"":[{""expanded_url"":""http://ow.ly/POlT30euC71?btz6=2355101607""}],""user_mentions"":[],""hashtags"":[]}",Así lucía Luis Fonsi antes de ser famoso --&gt; https://t.co/9wRj0ooYAe,"{""screen_name"":""TropiDorada"",""name"":""Tropicana La Dorada"",""description"":""Tropicana La Dorada 94.7 Fm. La Más Bacana. Síguenos: @walterquiroga2 @jonalexgb"",""friends_count"":1372,""followers_count"":7203,""statuses_count"":50864,""verified"":false,""utc_offset"":-18000,""time_zone"":""Bogota""}",NULL,NULL
916814485930807297,Sat Oct 07 23:56:21 +0000 2017,"<a href=""http://www.google.com/"" rel=""nofollow"">Google</a>",False,0,NULL,"{""urls"":[{""expanded_url"":""http://youtu.be/72UO0v5ESUo?a""}],""user_mentions"":[{""screen_name"":""YouTube"",""name"":""YouTube""}],""hashtags"":[]}","I added a video to a @YouTube playlist https://t.co/fdDVcN6rKs Luis Fonsi, Daddy Yankee - Despacito (Remix Audio) ft. Justin Bieber","{""screen_name"":""jordantheboss"",""name"":""YoUnG RaPuNzeL✋🏼👁"",""description"":""YoUnG RaPuNzeL // PATRON ST. OF FASHION // JORDAN THA BOSS"",""friends_count"":448,""followers_count"":137,""statuses_count"":2489,""verified"":false,""utc_offset"":-18000,""time_zone"":""Central Time (US & Canada)""}",NULL,NULL
916814501286117378,Sat Oct 07 23:56:25 +0000 2017,"<a href=""http://twitter.com/download/android"" rel=""nofollow"">Twitter for Android</a>",False,0,"{""text"":""Spotify WW Top 50 Songs:\n\n#32 (+3) - \""Despacito Remix\"" - Luis Fonsi &amp; Daddy Yankee feat Justin Bieber.\n\nStreams: 1,… https://t.co/DNLkuChd17"",""user"":{""screen_name"":""biebersmaniabrs"",""name"":""Bieber Mania Brasil""}}","{""urls"":[],""user_mentions"":[{""screen_name"":""biebersmaniabrs"",""name"":""Bieber Mania Brasil""}],""hashtags"":[]}","RT @biebersmaniabrs: Spotify WW Top 50 Songs:

#32 (+3) - ""Despacito Remix"" - Luis Fonsi &amp; Daddy Yankee feat Justin Bieber.

Streams: 1,… ","{""screen_name"":""__Sulfur_"",""name"":""xoxo, Rilder"",""description"":""Love Of My Life Followed Me (09/06/17. 8:03 PM)\n\nCan We Still Be Friends @justinbieber?\n\n• LADY GAGA QUEEN • Belieber • Cry Baby •"",""friends_count"":330,""followers_count"":2083,""statuses_count"":48290,""verified"":false,""utc_offset"":-10800,""time_zone"":""Brasilia""}",NULL,NULL
916814511738322944,Sat Oct 07 23:56:27 +0000 2017,"<a href=""http://www.psquared.net"" rel=""nofollow"">P Squared Tweeter</a>",False,0,NULL,"{""urls"":[],""user_mentions"":[],""hashtags"":[{""text"":""NowPlaying""}]}","#NowPlaying Despacito by Luis Fonsi &amp; Daddy Yankee, Ft. Justin Bieber","{""screen_name"":""ItsPhoenixRadNP"",""name"":""Phoenix #NowPlaying"",""description"":""What's #NowPlaying on @ItsPhoenixRadio."",""friends_count"":3,""followers_count"":65,""statuses_count"":37127,""verified"":false,""utc_offset"":null,""time_zone"":null}",NULL,NULL
916814730488156161,Sat Oct 07 23:57:19 +0000 2017,"<a href=""https://www.autopo.st"" rel=""nofollow"">Twitter Auto Post for @beats 360</a>",False,0,NULL,"{""urls"":[{""expanded_url"":""http://www.beats360.club""}],""user_mentions"":[],""hashtags"":[]}",Now Playing: Despacito (Jeydee Club Mix) by Justin Bieber ft. Luis Fonsi &amp; Daddy Yankee https://t.co/nXDpysl5Ar https://t.co/moBCGp0Zdk,"{""screen_name"":""Beats360"",""name"":""Beats 360 Music"",""description"":""The Hottest Mixes On The Planet!"",""friends_count"":551,""followers_count"":366,""statuses_count"":83584,""verified"":false,""utc_offset"":-14400,""time_zone"":""Eastern Time (US & Canada)""}",NULL,NULL
