word,n
ed,68
song,61
sheeran,59
rt,54
love,47
awards,44
london,43
bmi,41
justin,33
awarded,18
bieber’s,18
thejbcrewdotcom,18
writing,18
yoursel,18
foi,13
por,13
año,12
bieber,12
canción,12
del,12
escrever,12
hit,12
na,12
premiado,12
wins,11
categoria,10
ano,9
música,9
edsheeranbrcom,8
metro_ents,8
justinbieber,7
0vdgmugbge,6
beliebers,6
dance,6
ganado,6
hemos,6
jb_belieberboy_,6
latinamas,6
mejor,6
sencillo,6
amp,4
perfect,4
4,3
act,3
artist,3
edsheeran_eu,3
emas,3
ireland,3
live,3
nominated,3
ofwngbym8c,3
shape,3
sheeran's,3
uk,3
vote,3
1,2
7ghys3hdvn,2
biebe,2
bieberfbra,2
c0y5opasjr,2
day,2
de,2
deserves,2
finally,2
gold,2
history,2
imc,2
jr,2
nacao_bieber,2
rush,2
zbkjivssnw,2
1kidrauhl_biebz,1
2njnsmhhzp,1
acoustic,1
add,1
ago,1
ajr,1
anghami,1
aquela,1
bawling,1
beautiful,1
bellieeber4ever,1
bmilondon,1
boa,1
canção,1
charts,1
crying,1
cute,1
cutest,1
demais,1
dexrl6p8gh,1
diverse,1
dla,1
era,1
escrito,1
eu,1
everyday,1
ewwgyhfsky,1
faith,1
fan,1
favourite,1
finish,1
fire,1
flowers,1
foals,1
forever,1
fpvzpttq3q,1
fucking,1
god,1
guitar,1
happier,1
heard,1
hearing,1
hold,1
horrifying,1
i’m,1
imma,1
inescapable,1
jbdailypoland,1
kategorii,1
ktdorris_,1
którą,1
life,1
listen,1
lmao,1
lot,1
loving,1
makes,1
mendes,1
mental,1
metrouk,1
music,1
nagród,1
nagrodzony,1
napisał,1
napisanie,1
oliviacaridi,1
omg,1
photograph,1
piosenka,1
piosenką,1
r9jh0egfkp,1
radio,1
released,1
reminds,1
roku,1
rozdaniu,1
russ,1
sabia,1
sad,1
sea,1
shawn,1
sheeranfanspl,1
showbiz,1
single,1
stash,1
supermarket,1
tenerife,1
ter,1
they’re,1
tim,1
time,1
top,1
v77anbskam,1
vencedor,1
vu6eonghct,1
w5eulmgyye,1
wedding,1
woman,1
won,1
world,1
write,1
writes,1
written,1
xolzjogsse,1
yo,1
za,1
został,1
została,1
