word,sentiment,n
smoothest,positive,3671
love,positive,1971
stunning,positive,719
awards,positive,718
win,positive,563
sad,negative,-450
happy,positive,408
slow,negative,-373
boring,negative,-353
free,positive,311
shit,negative,-253
favorite,positive,251
ready,positive,231
enjoy,positive,212
top,positive,210
correct,positive,206
loud,negative,-205
amazing,positive,185
feat,positive,185
damn,negative,-178
pros,positive,178
fucking,negative,-177
fuck,negative,-176
fastest,positive,175
beautiful,positive,170
fake,negative,-165
bad,negative,-156
trap,negative,-150
freaks,negative,-145
super,positive,143
support,positive,138
quiet,positive,137
fall,negative,-136
hard,negative,-136
miss,negative,-131
sweet,positive,118
unity,positive,112
ease,positive,111
trump,positive,110
fans,positive,106
passion,positive,104
wow,positive,101
